{"type":"FeatureCollection","features":[{"type":"Feature","properties":{"patternId":"561-0-1","lineId":"561","lineName":"561","mode":"bus","color":"#2C89C8","source":"osm","stopDistances":[0,938.7076080599861,1647.6855565675203,2298.9740364720674,2874.915080654523,3346.596633632494,3804.5299871744924,4553.830882945292,5147.698148597001,5539.654085679257]},"geometry":{"type":"LineString","coordinates":[[16.89328801128021,48.754552748206855],[16.8938072,48.7550938],[16.8937882,48.7551886],[16.8935811,48.7553418],[16.8938826,48.7556588],[16.8938877,48.7557135],[16.8936489,48.7559367],[16.8934031,48.7560754],[16.8934279,48.7561561],[16.8933691,48.7562287],[16.8932622,48.7562595],[16.8931562,48.7562447],[16.8930646,48.7561614],[16.8930735,48.7560951],[16.893134,48.7560418],[16.8927859,48.7556627],[16.8915565,48.7541262],[16.8912014,48.75361],[16.8911019,48.7535401],[16.8909511,48.7535813],[16.8908503,48.7535499],[16.8907084,48.7537237],[16.8904852,48.7541545],[16.8898559,48.755565],[16.8897317,48.7557522],[16.8895403,48.7558736],[16.8878175,48.7566687],[16.8870132,48.7571429],[16.8862393,48.7576801],[16.8860218,48.757742],[16.8846609,48.757894],[16.8841096,48.7580233],[16.8836359,48.7582134],[16.8819674,48.7591352],[16.8817538,48.7591909],[16.8815915,48.7592284],[16.8812027,48.7592534],[16.88043,48.7591745],[16.8800831,48.7592693],[16.8795894,48.7589028],[16.8763863,48.7570455],[16.8736436,48.7555771],[16.8706408,48.7540552],[16.8693152,48.7535606],[16.8665582,48.7526183],[16.8664055,48.7525886],[16.8662751,48.7526118],[16.8648484,48.7538267],[16.8632704,48.7553993],[16.862492,48.7561259],[16.860307,48.7577997],[16.8583838,48.7594319],[16.8577257,48.7597239],[16.8556993,48.7605182],[16.8518981,48.7618196],[16.8515998,48.7619448],[16.8513366,48.7620943],[16.8501237,48.7630234],[16.8490852,48.7637341],[16.8488067,48.7640375],[16.8475026,48.7657102],[16.8454035,48.768088],[16.8459808,48.7683109],[16.8464987,48.7685727],[16.8471418,48.7691139],[16.8476007,48.7691645],[16.84760781552484,48.769287306691815]]}},{"type":"Feature","properties":{"patternId":"561-0-2","lineId":"561","lineName":"561","mode":"bus","color":"#2C89C8","source":"routed","stopDistances":[0,701.3395808789835,1211.3748008041907,2411.3192422662987,3349.7176488744394,4058.6223300435354,4709.990327671347,5285.934162632598,5757.587880108012,6215.5195924996215,6964.756306405481,7558.624359181561,7950.470581284517]},"geometry":{"type":"LineString","coordinates":[[16.906685,48.750413],[16.907772,48.750004],[16.907866,48.749958],[16.907922,48.749876],[16.907905,48.749764],[16.90725,48.749134],[16.907163,48.748961],[16.904516,48.749305],[16.903552,48.749392],[16.899532,48.749492],[16.899221,48.749695],[16.898048,48.75018],[16.893421,48.751754],[16.893049,48.751832],[16.892673,48.75183],[16.892342,48.751745],[16.892243,48.751693],[16.891494,48.751004],[16.890411,48.751441],[16.89015,48.751614],[16.890083,48.751726],[16.890098,48.751786],[16.890245,48.751988],[16.890907,48.752639],[16.890996,48.752783],[16.891039,48.75306],[16.890996,48.753359],[16.891133,48.75344],[16.891102,48.75354],[16.891201,48.75361],[16.891557,48.754126],[16.892786,48.755663],[16.893134,48.756042],[16.893249,48.756017],[16.893403,48.756075],[16.893484,48.756042],[16.893752,48.755853],[16.893888,48.755714],[16.893883,48.755659],[16.892982,48.75473],[16.892964,48.754649],[16.893124,48.754544],[16.893259,48.754536],[16.893807,48.755094],[16.893788,48.755189],[16.893581,48.755342],[16.893883,48.755659],[16.893888,48.755714],[16.893649,48.755937],[16.893403,48.756075],[16.893428,48.756156],[16.893369,48.756229],[16.893208,48.756257],[16.893081,48.756193],[16.893062,48.756128],[16.893134,48.756042],[16.892786,48.755663],[16.891557,48.754126],[16.891201,48.75361],[16.891102,48.75354],[16.891008,48.753579],[16.89085,48.75355],[16.890708,48.753724],[16.890485,48.754155],[16.889856,48.755565],[16.889785,48.755695],[16.889618,48.755834],[16.887818,48.756669],[16.887013,48.757143],[16.886239,48.75768],[16.886022,48.757742],[16.884629,48.757899],[16.88411,48.758023],[16.883636,48.758213],[16.881967,48.759135],[16.881621,48.759224],[16.881402,48.759248],[16.881031,48.759246],[16.88043,48.759175],[16.880083,48.759269],[16.879589,48.758903],[16.876386,48.757046],[16.873644,48.755577],[16.870641,48.754055],[16.869315,48.753561],[16.866558,48.752618],[16.866406,48.752589],[16.866275,48.752612],[16.864848,48.753827],[16.86327,48.755399],[16.862492,48.756126],[16.860307,48.7578],[16.858384,48.759432],[16.857726,48.759724],[16.855471,48.760603],[16.851631,48.76193],[16.851337,48.762094],[16.850124,48.763023],[16.849085,48.763734],[16.848807,48.764038],[16.847503,48.76571],[16.845404,48.768088],[16.845981,48.768311],[16.846499,48.768573],[16.847142,48.769114],[16.847601,48.769165],[16.847608,48.769287]]}},{"type":"Feature","properties":{"patternId":"561-1-1","lineId":"561","lineName":"561","mode":"bus","color":"#2C89C8","source":"routed","stopDistances":[0,391.8462221029562,985.7142748790366,1734.950988784896,2192.882701176509,2664.5364186519205,3240.472517442747,3879.4484218501793,4588.353103019276,5538.306006998322,6650.016538014515,7224.1690657515555,7925.509476035607]},"geometry":{"type":"LineString","coordinates":[[16.847608,48.769287],[16.847601,48.769165],[16.847142,48.769114],[16.846499,48.768573],[16.845981,48.768311],[16.845404,48.768088],[16.847503,48.76571],[16.848807,48.764038],[16.849085,48.763734],[16.850124,48.763023],[16.851337,48.762094],[16.851631,48.76193],[16.855471,48.760603],[16.857726,48.759724],[16.858384,48.759432],[16.860307,48.7578],[16.862492,48.756126],[16.86327,48.755399],[16.864848,48.753827],[16.866275,48.752612],[16.866406,48.752589],[16.866558,48.752618],[16.869315,48.753561],[16.870641,48.754055],[16.874936,48.756256],[16.877477,48.757664],[16.879739,48.758998],[16.88043,48.759175],[16.881031,48.759246],[16.881402,48.759248],[16.881621,48.759224],[16.881967,48.759135],[16.883636,48.758213],[16.88411,48.758023],[16.884629,48.757899],[16.886022,48.757742],[16.886239,48.75768],[16.887013,48.757143],[16.887818,48.756669],[16.889618,48.755834],[16.889785,48.755695],[16.889856,48.755565],[16.890485,48.754155],[16.890708,48.753724],[16.89085,48.75355],[16.890807,48.753438],[16.890901,48.753368],[16.890996,48.753359],[16.891114,48.753411],[16.891139,48.753475],[16.891102,48.75354],[16.891201,48.75361],[16.891557,48.754126],[16.892786,48.755663],[16.893134,48.756042],[16.893249,48.756017],[16.893403,48.756075],[16.893484,48.756042],[16.893752,48.755853],[16.893888,48.755714],[16.893883,48.755659],[16.892982,48.75473],[16.892964,48.754649],[16.893124,48.754544],[16.893259,48.754536],[16.893807,48.755094],[16.893788,48.755189],[16.893581,48.755342],[16.893883,48.755659],[16.893888,48.755714],[16.893649,48.755937],[16.893403,48.756075],[16.893428,48.756156],[16.893369,48.756229],[16.893208,48.756257],[16.893081,48.756193],[16.893062,48.756128],[16.893134,48.756042],[16.892786,48.755663],[16.891557,48.754126],[16.891201,48.75361],[16.891102,48.75354],[16.890951,48.753581],[16.890823,48.753527],[16.890827,48.753409],[16.890996,48.753359],[16.891025,48.753237],[16.890996,48.752783],[16.890907,48.752639],[16.890245,48.751988],[16.890083,48.751726],[16.89015,48.751614],[16.890411,48.751441],[16.893615,48.750138],[16.894607,48.749827],[16.895406,48.749661],[16.895791,48.749615],[16.896528,48.749563],[16.903552,48.749392],[16.904516,48.749305],[16.907163,48.748961],[16.90725,48.749134],[16.907905,48.749764],[16.907922,48.749876],[16.907866,48.749958],[16.907772,48.750004],[16.906685,48.750413]]}},{"type":"Feature","properties":{"patternId":"562-0-1","lineId":"562","lineName":"562","mode":"bus","color":"#2C89C8","source":"osm","stopDistances":[0,938.5220694451803,1388.5251311242594,1868.9084749117753,3283.5123602531044,3934.95341672608,4510.894460908536,5213.990334823854,5678.336488008946,6057.9021899414865,6609.119885173571,7584.1356128835405,8109.0820618453445,8858.40115973571,9452.268425387416,9855.547799572834]},"geometry":{"type":"LineString","coordinates":[[16.89328801128021,48.754552748206855],[16.8938072,48.7550938],[16.8937882,48.7551886],[16.8935811,48.7553418],[16.8938826,48.7556588],[16.8938877,48.7557135],[16.8936489,48.7559367],[16.8934031,48.7560754],[16.8934279,48.7561561],[16.8933691,48.7562287],[16.8932622,48.7562595],[16.8931562,48.7562447],[16.8930646,48.7561614],[16.8930735,48.7560951],[16.893134,48.7560418],[16.8927859,48.7556627],[16.8915565,48.7541262],[16.8912014,48.75361],[16.8911019,48.7535401],[16.8909511,48.7535813],[16.8908503,48.7535499],[16.8907084,48.7537237],[16.8904852,48.7541545],[16.8898559,48.755565],[16.8896804,48.7557935],[16.8878175,48.7566687],[16.8870132,48.7571429],[16.8862393,48.7576801],[16.8860218,48.757742],[16.8848702,48.7578662],[16.8849752,48.7574347],[16.8849696,48.7572595],[16.8845392,48.7563823],[16.8841876,48.7554866],[16.8838415,48.7536818],[16.8838463,48.7528541],[16.8839438,48.7523267],[16.8841007,48.7517914],[16.8844824,48.7509956],[16.8843223,48.7508778],[16.8843174,48.7507813],[16.8843728,48.7507527],[16.8846019,48.7507862],[16.8840431,48.7519482],[16.8838463,48.7528541],[16.8838415,48.7536818],[16.8841876,48.7554866],[16.8845392,48.7563823],[16.8849696,48.7572595],[16.8849752,48.7574347],[16.8848702,48.7578662],[16.8842858,48.7579707],[16.8837533,48.7581576],[16.8819674,48.7591352],[16.881621,48.7592237],[16.8814022,48.7592478],[16.8810312,48.7592455],[16.88043,48.7591745],[16.8800831,48.7592693],[16.8795894,48.7589028],[16.8763863,48.7570455],[16.8736436,48.7555771],[16.8706408,48.7540552],[16.8693152,48.7535606],[16.8665582,48.7526183],[16.866353,48.7525916],[16.8655649,48.7523159],[16.8653,48.7523133],[16.8642826,48.7527725],[16.8639181,48.7528176],[16.8583888,48.7520913],[16.852945,48.7520422],[16.8513538,48.7519868],[16.8499362,48.7542755],[16.849504,48.7548294],[16.8491806,48.7551647],[16.849101,48.7554966],[16.8514725,48.7558301],[16.8512598,48.7564102],[16.8508896,48.7570506],[16.8502595,48.7575725],[16.8494277,48.7580768],[16.8494441,48.7583593],[16.8485684,48.7589122],[16.8483018,48.7587434],[16.8500301,48.7577261],[16.8508896,48.7570506],[16.8512135,48.7565153],[16.8514725,48.7558301],[16.8608153,48.7571292],[16.8610733,48.7572124],[16.860307,48.7577997],[16.8586639,48.7592177],[16.8583154,48.7594711],[16.8554714,48.7606025],[16.8518981,48.7618196],[16.8515998,48.7619448],[16.8513366,48.7620943],[16.8501237,48.7630234],[16.8490852,48.7637341],[16.8488067,48.7640375],[16.8475026,48.7657102],[16.8454035,48.768088],[16.8459808,48.7683109],[16.8464987,48.7685727],[16.8470025,48.7690222],[16.847617,48.7694456],[16.8476127,48.7693716]]}},{"type":"Feature","properties":{"patternId":"562-0-2","lineId":"562","lineName":"562","mode":"bus","color":"#2C89C8","source":"osm","stopDistances":[0,938.5220694451803,3283.5123602531044,3934.95341672608,4510.894460908536,5213.990334823854,5678.336488008946,6057.9021899414865,6609.119885173571,7584.1356128835405,8109.0820618453445,8858.40115973571,9452.268425387416,9855.547799572834]},"geometry":{"type":"LineString","coordinates":[[16.89328801128021,48.754552748206855],[16.8938072,48.7550938],[16.8937882,48.7551886],[16.8935811,48.7553418],[16.8938826,48.7556588],[16.8938877,48.7557135],[16.8936489,48.7559367],[16.8934031,48.7560754],[16.8934279,48.7561561],[16.8933691,48.7562287],[16.8932622,48.7562595],[16.8931562,48.7562447],[16.8930646,48.7561614],[16.8930735,48.7560951],[16.893134,48.7560418],[16.8927859,48.7556627],[16.8915565,48.7541262],[16.8912014,48.75361],[16.8911019,48.7535401],[16.8909511,48.7535813],[16.8908503,48.7535499],[16.8907084,48.7537237],[16.8904852,48.7541545],[16.8898559,48.755565],[16.8896804,48.7557935],[16.8878175,48.7566687],[16.8870132,48.7571429],[16.8862393,48.7576801],[16.8860218,48.757742],[16.8848702,48.7578662],[16.8849752,48.7574347],[16.8849696,48.7572595],[16.8845392,48.7563823],[16.8841876,48.7554866],[16.8838415,48.7536818],[16.8838463,48.7528541],[16.8839438,48.7523267],[16.8841007,48.7517914],[16.8844824,48.7509956],[16.8843223,48.7508778],[16.8843174,48.7507813],[16.8843728,48.7507527],[16.8846019,48.7507862],[16.8840431,48.7519482],[16.8838463,48.7528541],[16.8838415,48.7536818],[16.8841876,48.7554866],[16.8845392,48.7563823],[16.8849696,48.7572595],[16.8849752,48.7574347],[16.8848702,48.7578662],[16.8842858,48.7579707],[16.8837533,48.7581576],[16.8819674,48.7591352],[16.881621,48.7592237],[16.8814022,48.7592478],[16.8810312,48.7592455],[16.88043,48.7591745],[16.8800831,48.7592693],[16.8795894,48.7589028],[16.8763863,48.7570455],[16.8736436,48.7555771],[16.8706408,48.7540552],[16.8693152,48.7535606],[16.8665582,48.7526183],[16.866353,48.7525916],[16.8655649,48.7523159],[16.8653,48.7523133],[16.8642826,48.7527725],[16.8639181,48.7528176],[16.8583888,48.7520913],[16.852945,48.7520422],[16.8513538,48.7519868],[16.8499362,48.7542755],[16.849504,48.7548294],[16.8491806,48.7551647],[16.849101,48.7554966],[16.8514725,48.7558301],[16.8512598,48.7564102],[16.8508896,48.7570506],[16.8502595,48.7575725],[16.8494277,48.7580768],[16.8494441,48.7583593],[16.8485684,48.7589122],[16.8483018,48.7587434],[16.8500301,48.7577261],[16.8508896,48.7570506],[16.8512135,48.7565153],[16.8514725,48.7558301],[16.8608153,48.7571292],[16.8610733,48.7572124],[16.860307,48.7577997],[16.8586639,48.7592177],[16.8583154,48.7594711],[16.8554714,48.7606025],[16.8518981,48.7618196],[16.8515998,48.7619448],[16.8513366,48.7620943],[16.8501237,48.7630234],[16.8490852,48.7637341],[16.8488067,48.7640375],[16.8475026,48.7657102],[16.8454035,48.768088],[16.8459808,48.7683109],[16.8464987,48.7685727],[16.8470025,48.7690222],[16.847617,48.7694456],[16.8476127,48.7693716]]}},{"type":"Feature","properties":{"patternId":"562-0-3","lineId":"562","lineName":"562","mode":"bus","color":"#2C89C8","source":"osm","stopDistances":[0,649.6957122684743,1196.5760440003055,2336.179326968796,3285.908377308336,3735.9114389874153,4216.2116533409135,5631.417212414917,6269.816429244943,6845.781189936673,7548.877063851992,8013.2232170370835,8392.788918969625,8943.939631986485,9919.079456733585,10444.02590569539,11193.345003585755,11787.212269237461,12190.49164342288]},"geometry":{"type":"LineString","coordinates":[[16.906684598665503,48.750412805226134],[16.9054828,48.750852],[16.9036237,48.7512146],[16.9035522,48.7493921],[16.8965276,48.7495628],[16.8957912,48.7496153],[16.895406,48.7496609],[16.8946066,48.7498274],[16.8936145,48.750138],[16.8904112,48.7514406],[16.8901498,48.7516142],[16.8900833,48.751726],[16.8902452,48.751988],[16.8909068,48.7526391],[16.8909955,48.7527828],[16.8910251,48.7532372],[16.8909963,48.7533593],[16.8909005,48.7533675],[16.8908065,48.7534378],[16.8908226,48.7535265],[16.8909511,48.7535813],[16.8911019,48.7535401],[16.8912014,48.75361],[16.8915565,48.7541262],[16.8927859,48.7556627],[16.893134,48.7560418],[16.893062,48.7561278],[16.8930811,48.7561932],[16.8931562,48.7562447],[16.8932622,48.7562595],[16.8934081,48.7561958],[16.8934031,48.7560754],[16.8936489,48.7559367],[16.8938877,48.7557135],[16.8938826,48.7556588],[16.8935811,48.7553418],[16.8937882,48.7551886],[16.8938072,48.7550938],[16.8932592,48.7545362],[16.8931242,48.7545441],[16.8929643,48.7546492],[16.8929815,48.7547301],[16.8938826,48.7556588],[16.8938877,48.7557135],[16.8937523,48.7558525],[16.8934836,48.7560418],[16.8934031,48.7560754],[16.8932492,48.756017],[16.893134,48.7560418],[16.8927859,48.7556627],[16.8915565,48.7541262],[16.8912014,48.75361],[16.8911019,48.7535401],[16.8911391,48.7534752],[16.8911139,48.753411],[16.8909963,48.7533593],[16.8909005,48.7533675],[16.8908065,48.7534378],[16.8908503,48.7535499],[16.8907084,48.7537237],[16.8904852,48.7541545],[16.8898559,48.755565],[16.8896804,48.7557935],[16.8878175,48.7566687],[16.8870132,48.7571429],[16.8862393,48.7576801],[16.8860218,48.757742],[16.8848702,48.7578662],[16.8849752,48.7574347],[16.8849696,48.7572595],[16.8845392,48.7563823],[16.8841876,48.7554866],[16.8838415,48.7536818],[16.8838463,48.7528541],[16.8840431,48.7519482],[16.8846019,48.7507862],[16.8843728,48.7507527],[16.8843174,48.7507813],[16.8843223,48.7508778],[16.8844824,48.7509956],[16.8841007,48.7517914],[16.8839438,48.7523267],[16.8838463,48.7528541],[16.8838415,48.7536818],[16.8841876,48.7554866],[16.8845392,48.7563823],[16.8849696,48.7572595],[16.8849752,48.7574347],[16.8848702,48.7578662],[16.8842858,48.7579707],[16.8838604,48.7581127],[16.8834722,48.7582987],[16.8819674,48.7591352],[16.881621,48.7592237],[16.8814022,48.7592478],[16.880682,48.7592124],[16.88043,48.7591745],[16.8797386,48.7589978],[16.8774766,48.7576638],[16.8749358,48.7562563],[16.8705472,48.7540121],[16.8693152,48.7535606],[16.8665582,48.7526183],[16.866353,48.7525916],[16.8655649,48.7523159],[16.8653,48.7523133],[16.8642826,48.7527725],[16.8639181,48.7528176],[16.8583888,48.7520913],[16.852945,48.7520422],[16.8513538,48.7519868],[16.8499362,48.7542755],[16.849504,48.7548294],[16.8491806,48.7551647],[16.849101,48.7554966],[16.8514725,48.7558301],[16.8512598,48.7564102],[16.8508896,48.7570506],[16.8502595,48.7575725],[16.8483018,48.7587434],[16.8485684,48.7589122],[16.8494441,48.7583593],[16.8494277,48.7580768],[16.8502595,48.7575725],[16.8508896,48.7570506],[16.8512135,48.7565153],[16.8514725,48.7558301],[16.8608153,48.7571292],[16.8610733,48.7572124],[16.860307,48.7577997],[16.8586639,48.7592177],[16.8583154,48.7594711],[16.8554714,48.7606025],[16.8518981,48.7618196],[16.8515998,48.7619448],[16.8513366,48.7620943],[16.8501237,48.7630234],[16.8490852,48.7637341],[16.8488067,48.7640375],[16.8475026,48.7657102],[16.8454035,48.768088],[16.8459808,48.7683109],[16.8464987,48.7685727],[16.8470025,48.7690222],[16.847617,48.7694456],[16.8476127,48.7693716]]}},{"type":"Feature","properties":{"patternId":"562-1-1","lineId":"562","lineName":"562","mode":"bus","color":"#2C89C8","source":"osm","stopDistances":[0,403.27937418542047,997.14663983713,1746.465737727492,2271.4121866892956,2943.21476237466,3797.645609631351,4177.211311563889,4641.557464748983,5344.6533386643,5920.594382846755,6572.035439319733,7007.272390161471,7487.5726045149695,8917.025730127656,9855.547799572838]},"geometry":{"type":"LineString","coordinates":[[16.8476127,48.7693716],[16.847617,48.7694456],[16.8470025,48.7690222],[16.8464987,48.7685727],[16.8459808,48.7683109],[16.8454035,48.768088],[16.8475026,48.7657102],[16.8488067,48.7640375],[16.8490852,48.7637341],[16.8501237,48.7630234],[16.8513366,48.7620943],[16.8515998,48.7619448],[16.8518981,48.7618196],[16.8554714,48.7606025],[16.8583154,48.7594711],[16.8586639,48.7592177],[16.860307,48.7577997],[16.8610733,48.7572124],[16.8608153,48.7571292],[16.8514725,48.7558301],[16.8512135,48.7565153],[16.8508896,48.7570506],[16.8500301,48.7577261],[16.8483018,48.7587434],[16.8485684,48.7589122],[16.8494441,48.7583593],[16.8494277,48.7580768],[16.8502595,48.7575725],[16.8508896,48.7570506],[16.8512598,48.7564102],[16.8514725,48.7558301],[16.849101,48.7554966],[16.8491806,48.7551647],[16.849504,48.7548294],[16.8499362,48.7542755],[16.8513538,48.7519868],[16.852945,48.7520422],[16.8583888,48.7520913],[16.8639181,48.7528176],[16.8642826,48.7527725],[16.8653,48.7523133],[16.8655649,48.7523159],[16.866353,48.7525916],[16.8665582,48.7526183],[16.8693152,48.7535606],[16.8706408,48.7540552],[16.8736436,48.7555771],[16.8763863,48.7570455],[16.8795894,48.7589028],[16.8800831,48.7592693],[16.88043,48.7591745],[16.8810312,48.7592455],[16.8814022,48.7592478],[16.881621,48.7592237],[16.8819674,48.7591352],[16.8837533,48.7581576],[16.8842858,48.7579707],[16.8848702,48.7578662],[16.8849752,48.7574347],[16.8849696,48.7572595],[16.8845392,48.7563823],[16.8841876,48.7554866],[16.8838415,48.7536818],[16.8838463,48.7528541],[16.8840431,48.7519482],[16.8846019,48.7507862],[16.8843728,48.7507527],[16.8843174,48.7507813],[16.8843223,48.7508778],[16.8844824,48.7509956],[16.8841007,48.7517914],[16.8839438,48.7523267],[16.8838463,48.7528541],[16.8838415,48.7536818],[16.8841876,48.7554866],[16.8845392,48.7563823],[16.8849696,48.7572595],[16.8849752,48.7574347],[16.8848702,48.7578662],[16.8860218,48.757742],[16.8862393,48.7576801],[16.8870132,48.7571429],[16.8878175,48.7566687],[16.8896804,48.7557935],[16.8898559,48.755565],[16.8904852,48.7541545],[16.8907084,48.7537237],[16.8908503,48.7535499],[16.8909511,48.7535813],[16.8911019,48.7535401],[16.8912014,48.75361],[16.8915565,48.7541262],[16.8927859,48.7556627],[16.893134,48.7560418],[16.8930735,48.7560951],[16.8930646,48.7561614],[16.8931562,48.7562447],[16.8932622,48.7562595],[16.8933691,48.7562287],[16.8934279,48.7561561],[16.8934031,48.7560754],[16.8936489,48.7559367],[16.8938877,48.7557135],[16.8938826,48.7556588],[16.8935811,48.7553418],[16.8937882,48.7551886],[16.8938072,48.7550938],[16.89328801128021,48.754552748206855]]}},{"type":"Feature","properties":{"patternId":"562-1-2","lineId":"562","lineName":"562","mode":"bus","color":"#2C89C8","source":"osm","stopDistances":[0,403.27937418542047,997.14663983713,1746.465737727492,2271.4121866892956,2943.4151361339386,3797.702724453257,4177.268426385795,4641.614579570889,5344.710453486206,5920.675214177936,6559.0744310079635,6994.829926148358,7475.2132699358735,8904.583266114543,9854.312316454085,10966.644862186795,11540.795931154405,11899.22552090195,12190.491643422998]},"geometry":{"type":"LineString","coordinates":[[16.8476127,48.7693716],[16.847617,48.7694456],[16.8470025,48.7690222],[16.8464987,48.7685727],[16.8459808,48.7683109],[16.8454035,48.768088],[16.8475026,48.7657102],[16.8488067,48.7640375],[16.8490852,48.7637341],[16.8501237,48.7630234],[16.8513366,48.7620943],[16.8515998,48.7619448],[16.8518981,48.7618196],[16.8554714,48.7606025],[16.8583154,48.7594711],[16.8586639,48.7592177],[16.860307,48.7577997],[16.8610733,48.7572124],[16.8608153,48.7571292],[16.8514725,48.7558301],[16.8512135,48.7565153],[16.8508896,48.7570506],[16.8502595,48.7575725],[16.8494277,48.7580768],[16.8494441,48.7583593],[16.8485684,48.7589122],[16.8483018,48.7587434],[16.8502595,48.7575725],[16.8508896,48.7570506],[16.8512598,48.7564102],[16.8514725,48.7558301],[16.849101,48.7554966],[16.8491806,48.7551647],[16.849504,48.7548294],[16.8499362,48.7542755],[16.8513538,48.7519868],[16.852945,48.7520422],[16.8583888,48.7520913],[16.8639181,48.7528176],[16.8642826,48.7527725],[16.8653,48.7523133],[16.8655649,48.7523159],[16.866353,48.7525916],[16.8665582,48.7526183],[16.8693152,48.7535606],[16.8705472,48.7540121],[16.8749358,48.7562563],[16.8774766,48.7576638],[16.8797386,48.7589978],[16.88043,48.7591745],[16.880682,48.7592124],[16.8814022,48.7592478],[16.881621,48.7592237],[16.8819674,48.7591352],[16.8834722,48.7582987],[16.8838604,48.7581127],[16.8842858,48.7579707],[16.8848702,48.7578662],[16.8849752,48.7574347],[16.8849696,48.7572595],[16.8845392,48.7563823],[16.8841876,48.7554866],[16.8838415,48.7536818],[16.8838463,48.7528541],[16.8839438,48.7523267],[16.8841007,48.7517914],[16.8844824,48.7509956],[16.8843223,48.7508778],[16.8843174,48.7507813],[16.8843728,48.7507527],[16.8846019,48.7507862],[16.8840431,48.7519482],[16.8838463,48.7528541],[16.8838415,48.7536818],[16.8841876,48.7554866],[16.8845392,48.7563823],[16.8849696,48.7572595],[16.8849752,48.7574347],[16.8848702,48.7578662],[16.8860218,48.757742],[16.8862393,48.7576801],[16.8870132,48.7571429],[16.8878175,48.7566687],[16.8896804,48.7557935],[16.8898559,48.755565],[16.8904852,48.7541545],[16.8907084,48.7537237],[16.8908503,48.7535499],[16.8908065,48.7534378],[16.8909005,48.7533675],[16.8909963,48.7533593],[16.8911139,48.753411],[16.8911391,48.7534752],[16.8911019,48.7535401],[16.8912014,48.75361],[16.8915565,48.7541262],[16.8927859,48.7556627],[16.893134,48.7560418],[16.8932492,48.756017],[16.8934031,48.7560754],[16.8934836,48.7560418],[16.8937523,48.7558525],[16.8938877,48.7557135],[16.8938826,48.7556588],[16.8929815,48.7547301],[16.8929643,48.7546492],[16.8931242,48.7545441],[16.8932592,48.7545362],[16.8938072,48.7550938],[16.8937882,48.7551886],[16.8935811,48.7553418],[16.8938826,48.7556588],[16.8938877,48.7557135],[16.8936489,48.7559367],[16.8934031,48.7560754],[16.8934081,48.7561958],[16.8932622,48.7562595],[16.8931562,48.7562447],[16.8930811,48.7561932],[16.893062,48.7561278],[16.893134,48.7560418],[16.8927859,48.7556627],[16.8915565,48.7541262],[16.8912014,48.75361],[16.8911019,48.7535401],[16.8909511,48.7535813],[16.8908226,48.7535265],[16.8908065,48.7534378],[16.8909005,48.7533675],[16.8909963,48.7533593],[16.8910251,48.7532372],[16.8909955,48.7527828],[16.8909068,48.7526391],[16.8902452,48.751988],[16.8900833,48.751726],[16.8901498,48.7516142],[16.8904112,48.7514406],[16.8936145,48.750138],[16.8946066,48.7498274],[16.895406,48.7496609],[16.8957912,48.7496153],[16.8965276,48.7495628],[16.9035522,48.7493921],[16.9036237,48.7512146],[16.9054828,48.750852],[16.906684598665503,48.750412805226134]]}},{"type":"Feature","properties":{"patternId":"562-1-3","lineId":"562","lineName":"562","mode":"bus","color":"#2C89C8","source":"osm","stopDistances":[0,403.27937418542047,997.14663983713,1746.465737727492,2271.4121866892956,2943.21476237466,3797.645609631351,4177.211311563889,4641.557464748983,5344.6533386643,5920.594382846755,6572.035439319733,8917.025730127656,9855.547799572838]},"geometry":{"type":"LineString","coordinates":[[16.8476127,48.7693716],[16.847617,48.7694456],[16.8470025,48.7690222],[16.8464987,48.7685727],[16.8459808,48.7683109],[16.8454035,48.768088],[16.8475026,48.7657102],[16.8488067,48.7640375],[16.8490852,48.7637341],[16.8501237,48.7630234],[16.8513366,48.7620943],[16.8515998,48.7619448],[16.8518981,48.7618196],[16.8554714,48.7606025],[16.8583154,48.7594711],[16.8586639,48.7592177],[16.860307,48.7577997],[16.8610733,48.7572124],[16.8608153,48.7571292],[16.8514725,48.7558301],[16.8512135,48.7565153],[16.8508896,48.7570506],[16.8500301,48.7577261],[16.8483018,48.7587434],[16.8485684,48.7589122],[16.8494441,48.7583593],[16.8494277,48.7580768],[16.8502595,48.7575725],[16.8508896,48.7570506],[16.8512598,48.7564102],[16.8514725,48.7558301],[16.849101,48.7554966],[16.8491806,48.7551647],[16.849504,48.7548294],[16.8499362,48.7542755],[16.8513538,48.7519868],[16.852945,48.7520422],[16.8583888,48.7520913],[16.8639181,48.7528176],[16.8642826,48.7527725],[16.8653,48.7523133],[16.8655649,48.7523159],[16.866353,48.7525916],[16.8665582,48.7526183],[16.8693152,48.7535606],[16.8706408,48.7540552],[16.8736436,48.7555771],[16.8763863,48.7570455],[16.8795894,48.7589028],[16.8800831,48.7592693],[16.88043,48.7591745],[16.8810312,48.7592455],[16.8814022,48.7592478],[16.881621,48.7592237],[16.8819674,48.7591352],[16.8837533,48.7581576],[16.8842858,48.7579707],[16.8848702,48.7578662],[16.8849752,48.7574347],[16.8849696,48.7572595],[16.8845392,48.7563823],[16.8841876,48.7554866],[16.8838415,48.7536818],[16.8838463,48.7528541],[16.8840431,48.7519482],[16.8846019,48.7507862],[16.8843728,48.7507527],[16.8843174,48.7507813],[16.8843223,48.7508778],[16.8844824,48.7509956],[16.8841007,48.7517914],[16.8839438,48.7523267],[16.8838463,48.7528541],[16.8838415,48.7536818],[16.8841876,48.7554866],[16.8845392,48.7563823],[16.8849696,48.7572595],[16.8849752,48.7574347],[16.8848702,48.7578662],[16.8860218,48.757742],[16.8862393,48.7576801],[16.8870132,48.7571429],[16.8878175,48.7566687],[16.8896804,48.7557935],[16.8898559,48.755565],[16.8904852,48.7541545],[16.8907084,48.7537237],[16.8908503,48.7535499],[16.8909511,48.7535813],[16.8911019,48.7535401],[16.8912014,48.75361],[16.8915565,48.7541262],[16.8927859,48.7556627],[16.893134,48.7560418],[16.8930735,48.7560951],[16.8930646,48.7561614],[16.8931562,48.7562447],[16.8932622,48.7562595],[16.8933691,48.7562287],[16.8934279,48.7561561],[16.8934031,48.7560754],[16.8936489,48.7559367],[16.8938877,48.7557135],[16.8938826,48.7556588],[16.8935811,48.7553418],[16.8937882,48.7551886],[16.8938072,48.7550938],[16.89328801128021,48.754552748206855]]}},{"type":"Feature","properties":{"patternId":"562-1-4","lineId":"562","lineName":"562","mode":"bus","color":"#2C89C8","source":"osm","stopDistances":[0,403.27937418542047,997.14663983713,1746.465737727492,2271.4121866892956,2943.4151361339386,3797.702724453257,4177.268426385795,4641.614579570889,5344.710453486206,5920.675214177936,6559.0744310079635,8904.583266114543,9854.312316454085,10966.644862186795,11540.795931154405,11899.22552090195,12190.491643422998]},"geometry":{"type":"LineString","coordinates":[[16.8476127,48.7693716],[16.847617,48.7694456],[16.8470025,48.7690222],[16.8464987,48.7685727],[16.8459808,48.7683109],[16.8454035,48.768088],[16.8475026,48.7657102],[16.8488067,48.7640375],[16.8490852,48.7637341],[16.8501237,48.7630234],[16.8513366,48.7620943],[16.8515998,48.7619448],[16.8518981,48.7618196],[16.8554714,48.7606025],[16.8583154,48.7594711],[16.8586639,48.7592177],[16.860307,48.7577997],[16.8610733,48.7572124],[16.8608153,48.7571292],[16.8514725,48.7558301],[16.8512135,48.7565153],[16.8508896,48.7570506],[16.8502595,48.7575725],[16.8494277,48.7580768],[16.8494441,48.7583593],[16.8485684,48.7589122],[16.8483018,48.7587434],[16.8502595,48.7575725],[16.8508896,48.7570506],[16.8512598,48.7564102],[16.8514725,48.7558301],[16.849101,48.7554966],[16.8491806,48.7551647],[16.849504,48.7548294],[16.8499362,48.7542755],[16.8513538,48.7519868],[16.852945,48.7520422],[16.8583888,48.7520913],[16.8639181,48.7528176],[16.8642826,48.7527725],[16.8653,48.7523133],[16.8655649,48.7523159],[16.866353,48.7525916],[16.8665582,48.7526183],[16.8693152,48.7535606],[16.8705472,48.7540121],[16.8749358,48.7562563],[16.8774766,48.7576638],[16.8797386,48.7589978],[16.88043,48.7591745],[16.880682,48.7592124],[16.8814022,48.7592478],[16.881621,48.7592237],[16.8819674,48.7591352],[16.8834722,48.7582987],[16.8838604,48.7581127],[16.8842858,48.7579707],[16.8848702,48.7578662],[16.8849752,48.7574347],[16.8849696,48.7572595],[16.8845392,48.7563823],[16.8841876,48.7554866],[16.8838415,48.7536818],[16.8838463,48.7528541],[16.8839438,48.7523267],[16.8841007,48.7517914],[16.8844824,48.7509956],[16.8843223,48.7508778],[16.8843174,48.7507813],[16.8843728,48.7507527],[16.8846019,48.7507862],[16.8840431,48.7519482],[16.8838463,48.7528541],[16.8838415,48.7536818],[16.8841876,48.7554866],[16.8845392,48.7563823],[16.8849696,48.7572595],[16.8849752,48.7574347],[16.8848702,48.7578662],[16.8860218,48.757742],[16.8862393,48.7576801],[16.8870132,48.7571429],[16.8878175,48.7566687],[16.8896804,48.7557935],[16.8898559,48.755565],[16.8904852,48.7541545],[16.8907084,48.7537237],[16.8908503,48.7535499],[16.8908065,48.7534378],[16.8909005,48.7533675],[16.8909963,48.7533593],[16.8911139,48.753411],[16.8911391,48.7534752],[16.8911019,48.7535401],[16.8912014,48.75361],[16.8915565,48.7541262],[16.8927859,48.7556627],[16.893134,48.7560418],[16.8932492,48.756017],[16.8934031,48.7560754],[16.8934836,48.7560418],[16.8937523,48.7558525],[16.8938877,48.7557135],[16.8938826,48.7556588],[16.8929815,48.7547301],[16.8929643,48.7546492],[16.8931242,48.7545441],[16.8932592,48.7545362],[16.8938072,48.7550938],[16.8937882,48.7551886],[16.8935811,48.7553418],[16.8938826,48.7556588],[16.8938877,48.7557135],[16.8936489,48.7559367],[16.8934031,48.7560754],[16.8934081,48.7561958],[16.8932622,48.7562595],[16.8931562,48.7562447],[16.8930811,48.7561932],[16.893062,48.7561278],[16.893134,48.7560418],[16.8927859,48.7556627],[16.8915565,48.7541262],[16.8912014,48.75361],[16.8911019,48.7535401],[16.8909511,48.7535813],[16.8908226,48.7535265],[16.8908065,48.7534378],[16.8909005,48.7533675],[16.8909963,48.7533593],[16.8910251,48.7532372],[16.8909955,48.7527828],[16.8909068,48.7526391],[16.8902452,48.751988],[16.8900833,48.751726],[16.8901498,48.7516142],[16.8904112,48.7514406],[16.8936145,48.750138],[16.8946066,48.7498274],[16.895406,48.7496609],[16.8957912,48.7496153],[16.8965276,48.7495628],[16.9035522,48.7493921],[16.9036237,48.7512146],[16.9054828,48.750852],[16.906684598665503,48.750412805226134]]}},{"type":"Feature","properties":{"patternId":"563-0-1","lineId":"563","lineName":"563","mode":"bus","color":"#2C89C8","source":"routed","stopDistances":[0,938.786010517276,1434.0507799312536,1847.7492554471987,2230.605693351677,2838.3527884418163,3262.6253437578125,3743.001072760745,4159.270594446081,4892.498097930163,5468.471142346944,5941.4483635447905,6333.973466858626,6956.7644208816]},"geometry":{"type":"LineString","coordinates":[[16.893288,48.754553],[16.893807,48.755094],[16.893788,48.755189],[16.893581,48.755342],[16.893883,48.755659],[16.893888,48.755714],[16.893649,48.755937],[16.893403,48.756075],[16.893428,48.756156],[16.893369,48.756229],[16.893262,48.75626],[16.893156,48.756245],[16.893065,48.756161],[16.893074,48.756095],[16.893134,48.756042],[16.892786,48.755663],[16.891557,48.754126],[16.891201,48.75361],[16.891102,48.75354],[16.891008,48.753579],[16.89085,48.75355],[16.890708,48.753724],[16.890485,48.754155],[16.889856,48.755565],[16.889732,48.755752],[16.88954,48.755874],[16.88851,48.756328],[16.887644,48.756765],[16.887013,48.757143],[16.886239,48.75768],[16.886487,48.75799],[16.888066,48.760761],[16.888871,48.761627],[16.888933,48.761753],[16.889299,48.762194],[16.889357,48.762358],[16.889373,48.762575],[16.889318,48.762921],[16.889108,48.763599],[16.888718,48.764157],[16.888429,48.76432],[16.88825,48.764316],[16.88806,48.764175],[16.887759,48.764051],[16.883559,48.762818],[16.883239,48.762681],[16.882922,48.762413],[16.882197,48.761314],[16.881016,48.760501],[16.880716,48.760164],[16.880994,48.759969],[16.882059,48.759067],[16.883753,48.758158],[16.884286,48.757971],[16.88487,48.757866],[16.884975,48.757435],[16.88497,48.75726],[16.884539,48.756382],[16.884188,48.755487],[16.883842,48.753682],[16.883846,48.752854],[16.883944,48.752327],[16.884101,48.751791],[16.883302,48.751603],[16.882541,48.75312],[16.881359,48.753156],[16.880969,48.753225],[16.880102,48.754073],[16.879942,48.754183],[16.87946,48.754357],[16.878908,48.754479],[16.878305,48.754655],[16.877923,48.754833],[16.875811,48.755981],[16.875146,48.756374],[16.873644,48.755577],[16.870547,48.754012],[16.869315,48.753561],[16.866558,48.752618],[16.866353,48.752592],[16.86659,48.752355],[16.868377,48.75097],[16.8691,48.75045],[16.869184,48.75045],[16.869243,48.750197],[16.871422,48.744815],[16.871413,48.744536],[16.871339,48.744294],[16.871127,48.743963],[16.870945,48.743788],[16.871366,48.74356],[16.871155,48.742449],[16.870977,48.741105]]}},{"type":"Feature","properties":{"patternId":"563-0-2","lineId":"563","lineName":"563","mode":"bus","color":"#2C89C8","source":"osm","stopDistances":[0,472.9792908364177,865.5037396944365,1538.6655666253964]},"geometry":{"type":"LineString","coordinates":[[16.867402595771743,48.752922270842134],[16.8665582,48.7526183],[16.866353,48.7525916],[16.8665899,48.7523551],[16.8683771,48.7509704],[16.8691,48.7504496],[16.8691839,48.7504502],[16.8692369,48.7502125],[16.8714081,48.7448681],[16.8714238,48.7446073],[16.8713388,48.7442942],[16.8711272,48.7439631],[16.8709448,48.7437878],[16.8713657,48.7435603],[16.8711548,48.7424487],[16.8709543,48.7409471],[16.8706864,48.7410078],[16.8706299,48.7411063]]}},{"type":"Feature","properties":{"patternId":"563-1-1","lineId":"563","lineName":"563","mode":"bus","color":"#2C89C8","source":"routed","stopDistances":[0,622.7909388164932,1015.3161579467519,1380.9574631078592,1522.6546793727643]},"geometry":{"type":"LineString","coordinates":[[16.870977,48.741105],[16.871155,48.742449],[16.871366,48.74356],[16.870945,48.743788],[16.871127,48.743963],[16.871339,48.744294],[16.871413,48.744536],[16.871422,48.744815],[16.869208,48.750288],[16.869141,48.751143],[16.869263,48.75205],[16.869208,48.752409],[16.868726,48.75336],[16.867402,48.752923]]}},{"type":"Feature","properties":{"patternId":"563-1-2","lineId":"563","lineName":"563","mode":"bus","color":"#2C89C8","source":"routed","stopDistances":[0,622.7909540229555,1015.3160573367911,1488.293278534639,2064.266322951421,2797.4938264355033,3409.239439928334,4639.031313257463,5246.911844203413,5614.281282195911,6027.874644287477,6523.139413701459,7473.7700360515455]},"geometry":{"type":"LineString","coordinates":[[16.870977,48.741105],[16.871155,48.742449],[16.871366,48.74356],[16.870945,48.743788],[16.871127,48.743963],[16.871339,48.744294],[16.871413,48.744536],[16.871422,48.744815],[16.869243,48.750197],[16.869184,48.75045],[16.8691,48.75045],[16.868377,48.75097],[16.86659,48.752355],[16.866353,48.752592],[16.866558,48.752618],[16.869315,48.753561],[16.870547,48.754012],[16.873644,48.755577],[16.875146,48.756374],[16.875811,48.755981],[16.877923,48.754833],[16.878305,48.754655],[16.878908,48.754479],[16.87946,48.754357],[16.879942,48.754183],[16.880102,48.754073],[16.880969,48.753225],[16.881359,48.753156],[16.882541,48.75312],[16.882514,48.753742],[16.883842,48.753682],[16.884188,48.755487],[16.884539,48.756382],[16.88497,48.75726],[16.884975,48.757435],[16.88487,48.757866],[16.886022,48.757742],[16.885844,48.757481],[16.885669,48.756912],[16.885456,48.756404],[16.885483,48.756236],[16.885706,48.756199],[16.887124,48.755618],[16.888019,48.756563],[16.887013,48.757143],[16.886149,48.757716],[16.884478,48.757927],[16.88411,48.758023],[16.883636,48.758213],[16.882059,48.759067],[16.880994,48.759969],[16.880716,48.760164],[16.881016,48.760501],[16.882197,48.761314],[16.882922,48.762413],[16.883089,48.76258],[16.88335,48.762739],[16.887993,48.764139],[16.888468,48.764208],[16.888817,48.764047],[16.889108,48.763599],[16.889231,48.763268],[16.889358,48.762715],[16.889376,48.762513],[16.889334,48.762288],[16.889217,48.762072],[16.888933,48.761753],[16.888871,48.761627],[16.888066,48.760761],[16.886487,48.75799],[16.886239,48.75768],[16.887013,48.757143],[16.887644,48.756765],[16.88851,48.756328],[16.88954,48.755874],[16.889732,48.755752],[16.889856,48.755565],[16.890485,48.754155],[16.890708,48.753724],[16.89085,48.75355],[16.890799,48.75347],[16.890859,48.753385],[16.890996,48.753359],[16.891114,48.753411],[16.891139,48.753475],[16.891102,48.75354],[16.891201,48.75361],[16.891557,48.754126],[16.892786,48.755663],[16.893134,48.756042],[16.893249,48.756017],[16.893403,48.756075],[16.893484,48.756042],[16.893649,48.755937],[16.893888,48.755714],[16.893883,48.755659],[16.892982,48.75473],[16.892964,48.754649],[16.893035,48.754581],[16.893197,48.754528],[16.893288,48.754553]]}},{"type":"Feature","properties":{"patternId":"565-0-1","lineId":"565","lineName":"565","mode":"bus","color":"#2C89C8","source":"osm","stopDistances":[0,944.829899730227,1440.036354456968,1853.6289833170085,2426.5520473927354,2943.129005879683,4097.233675341449,4820.0559934527155]},"geometry":{"type":"LineString","coordinates":[[16.89317349835379,48.754597955643696],[16.8931242,48.7545441],[16.8930349,48.7545813],[16.8929643,48.7546492],[16.8929815,48.7547301],[16.8938826,48.7556588],[16.8938877,48.7557135],[16.8936489,48.7559367],[16.8934836,48.7560418],[16.8934031,48.7560754],[16.8932492,48.756017],[16.893134,48.7560418],[16.8927859,48.7556627],[16.8915565,48.7541262],[16.8912014,48.75361],[16.8911019,48.7535401],[16.8911391,48.7534752],[16.8911139,48.753411],[16.8909963,48.7533593],[16.8908592,48.7533846],[16.8907993,48.7534695],[16.8908503,48.7535499],[16.8907084,48.7537237],[16.8904852,48.7541545],[16.8898559,48.755565],[16.8897317,48.7557522],[16.8895403,48.7558736],[16.8878175,48.7566687],[16.8870132,48.7571429],[16.8862393,48.7576801],[16.8864871,48.7579895],[16.8880656,48.7607611],[16.8888709,48.7616271],[16.8889326,48.7617528],[16.8892165,48.7620723],[16.8893343,48.7622878],[16.8893757,48.7625127],[16.8893577,48.7627154],[16.8892308,48.7632678],[16.8891077,48.7635987],[16.8888166,48.7640467],[16.88825,48.764316],[16.8884599,48.7646158],[16.8908146,48.7698253],[16.8909638,48.7702356],[16.8912526,48.7713561],[16.8910083,48.7714195],[16.88988,48.7720879],[16.8894811,48.7722504],[16.8892289,48.7723118],[16.888912,48.7723611],[16.8883751,48.7723939],[16.8868412,48.7722658],[16.8867964,48.772535],[16.8859715,48.7737432],[16.8859623,48.773889],[16.8860603,48.7740117],[16.8862435,48.7740929],[16.8886079,48.7748437],[16.8903181,48.7753491],[16.8935155,48.7764751],[16.8936363,48.7764882],[16.893708,48.7764626],[16.8943327,48.7760253],[16.8976527,48.7775436],[16.9005457,48.7788217],[16.9012715,48.7791128],[16.902592,48.7795686]]}},{"type":"Feature","properties":{"patternId":"565-1-1","lineId":"565","lineName":"565","mode":"bus","color":"#2C89C8","source":"osm","stopDistances":[0,459.06215652393655,722.8223181112666,1876.926987573034,2393.5039460599814,2966.427010135708,3380.0196389957487,3875.226093722489,4820.056095080692]},"geometry":{"type":"LineString","coordinates":[[16.902592,48.7795686],[16.9012715,48.7791128],[16.9005457,48.7788217],[16.8976527,48.7775436],[16.8943327,48.7760253],[16.893708,48.7764626],[16.8936363,48.7764882],[16.8935155,48.7764751],[16.8903181,48.7753491],[16.8886079,48.7748437],[16.8862435,48.7740929],[16.8860603,48.7740117],[16.8859623,48.773889],[16.8859715,48.7737432],[16.8867964,48.772535],[16.8868412,48.7722658],[16.8883751,48.7723939],[16.888912,48.7723611],[16.8892289,48.7723118],[16.8894811,48.7722504],[16.88988,48.7720879],[16.8910083,48.7714195],[16.8912526,48.7713561],[16.8909638,48.7702356],[16.8908146,48.7698253],[16.8884599,48.7646158],[16.88825,48.764316],[16.8888166,48.7640467],[16.8891077,48.7635987],[16.8892308,48.7632678],[16.8893577,48.7627154],[16.8893757,48.7625127],[16.8893343,48.7622878],[16.8892165,48.7620723],[16.8889326,48.7617528],[16.8888709,48.7616271],[16.8880656,48.7607611],[16.8864871,48.7579895],[16.8862393,48.7576801],[16.8870132,48.7571429],[16.8878175,48.7566687],[16.8895403,48.7558736],[16.8897317,48.7557522],[16.8898559,48.755565],[16.8904852,48.7541545],[16.8907084,48.7537237],[16.8908503,48.7535499],[16.8907993,48.7534695],[16.8908592,48.7533846],[16.8909963,48.7533593],[16.8911139,48.753411],[16.8911391,48.7534752],[16.8911019,48.7535401],[16.8912014,48.75361],[16.8915565,48.7541262],[16.8927859,48.7556627],[16.893134,48.7560418],[16.8932492,48.756017],[16.8934031,48.7560754],[16.8934836,48.7560418],[16.8936489,48.7559367],[16.8938877,48.7557135],[16.8938826,48.7556588],[16.8929815,48.7547301],[16.8929643,48.7546492],[16.8930349,48.7545813],[16.8931242,48.7545441],[16.89317349835379,48.754597955643696]]}},{"type":"Feature","properties":{"patternId":"566-0-1","lineId":"566","lineName":"566","mode":"bus","color":"#2C89C8","source":"routed","stopDistances":[0,460.2264044188043,802.237828324121,1196.1720348813972,1474.8148785546318,1808.744782717322,2502.9036396072524,3075.72742310071,4397.455985001603]},"geometry":{"type":"LineString","coordinates":[[16.902606,48.779573],[16.901272,48.779113],[16.900546,48.778822],[16.894519,48.776118],[16.894152,48.775921],[16.892165,48.774493],[16.892037,48.774587],[16.891207,48.775666],[16.890318,48.775349],[16.888608,48.774844],[16.886244,48.774093],[16.88606,48.774012],[16.885962,48.773889],[16.885972,48.773743],[16.886796,48.772535],[16.886841,48.772266],[16.888375,48.772394],[16.888912,48.772361],[16.889229,48.772312],[16.889481,48.77225],[16.88988,48.772088],[16.891008,48.77142],[16.891253,48.771356],[16.890964,48.770236],[16.890815,48.769825],[16.88846,48.764616],[16.88825,48.764316],[16.888817,48.764047],[16.889108,48.763599],[16.889302,48.762996],[16.889367,48.762652],[16.889357,48.762358],[16.889217,48.762072],[16.88889,48.761693],[16.888871,48.761627],[16.888936,48.761542],[16.895178,48.758342],[16.895297,48.758232],[16.895273,48.758117],[16.893918,48.756957],[16.893539,48.756574],[16.893315,48.756251],[16.893156,48.756245],[16.893081,48.756193],[16.893062,48.756128],[16.893134,48.756042],[16.893249,48.756017],[16.893403,48.756075],[16.893484,48.756042],[16.893649,48.755937],[16.893888,48.755714],[16.893883,48.755659],[16.892982,48.75473],[16.892964,48.754649],[16.893035,48.754581],[16.893197,48.754528],[16.893288,48.754553]]}},{"type":"Feature","properties":{"patternId":"566-0-2","lineId":"566","lineName":"566","mode":"bus","color":"#2C89C8","source":"routed","stopDistances":[0,460.2264044188043,802.237828324121,1196.1720348813972,1474.8148785546318,1808.744782717322,2502.9036396072524,3075.72742310071,4396.973896645528,5335.426577620172,6044.431709226056,6695.636020076239,7271.57985503749,7974.759959519213,8439.103273233408,8818.618046032752,9369.897104889413]},"geometry":{"type":"LineString","coordinates":[[16.902606,48.779573],[16.901272,48.779113],[16.900546,48.778822],[16.894519,48.776118],[16.894152,48.775921],[16.892165,48.774493],[16.892037,48.774587],[16.891207,48.775666],[16.890318,48.775349],[16.888608,48.774844],[16.886244,48.774093],[16.88606,48.774012],[16.885962,48.773889],[16.885972,48.773743],[16.886796,48.772535],[16.886841,48.772266],[16.888375,48.772394],[16.888912,48.772361],[16.889229,48.772312],[16.889481,48.77225],[16.88988,48.772088],[16.891008,48.77142],[16.891253,48.771356],[16.890964,48.770236],[16.890815,48.769825],[16.88846,48.764616],[16.88825,48.764316],[16.888817,48.764047],[16.889108,48.763599],[16.889302,48.762996],[16.889367,48.762652],[16.889357,48.762358],[16.889299,48.762194],[16.888933,48.761753],[16.888871,48.761627],[16.888981,48.761509],[16.895178,48.758342],[16.895297,48.758232],[16.895273,48.758117],[16.893918,48.756957],[16.893539,48.756574],[16.893315,48.756251],[16.893156,48.756245],[16.893065,48.756161],[16.893098,48.756066],[16.893188,48.756023],[16.89331,48.756025],[16.893403,48.756075],[16.893484,48.756042],[16.893649,48.755937],[16.893888,48.755714],[16.893883,48.755659],[16.892982,48.75473],[16.892964,48.754649],[16.893124,48.754544],[16.893259,48.754536],[16.893807,48.755094],[16.893788,48.755189],[16.893581,48.755342],[16.893883,48.755659],[16.893888,48.755714],[16.893649,48.755937],[16.893403,48.756075],[16.893428,48.756156],[16.893369,48.756229],[16.893262,48.75626],[16.893113,48.756223],[16.893062,48.756128],[16.893134,48.756042],[16.892786,48.755663],[16.891557,48.754126],[16.891201,48.75361],[16.891102,48.75354],[16.891008,48.753579],[16.89085,48.75355],[16.890708,48.753724],[16.889856,48.755565],[16.889732,48.755752],[16.88954,48.755874],[16.88851,48.756328],[16.887644,48.756765],[16.887013,48.757143],[16.886239,48.75768],[16.886022,48.757742],[16.884629,48.757899],[16.88411,48.758023],[16.883636,48.758213],[16.881967,48.759135],[16.881754,48.759191],[16.881592,48.759228],[16.881203,48.759253],[16.88043,48.759175],[16.880083,48.759269],[16.879589,48.758903],[16.876386,48.757046],[16.873644,48.755577],[16.870641,48.754055],[16.869315,48.753561],[16.866558,48.752618],[16.866353,48.752592],[16.865565,48.752316],[16.8653,48.752313],[16.864283,48.752773],[16.863918,48.752818],[16.858389,48.752091],[16.852945,48.752042],[16.851354,48.751987],[16.849936,48.754276],[16.849146,48.75523],[16.849101,48.755497],[16.851473,48.75583],[16.851214,48.756515],[16.85089,48.757051],[16.85026,48.757573],[16.849655,48.757942]]}},{"type":"Feature","properties":{"patternId":"566-1-1","lineId":"566","lineName":"566","mode":"bus","color":"#2C89C8","source":"routed","stopDistances":[0,1269.2498345959668,1823.131994707498,2607.576904929492,2968.1879852391294,3246.830828912365,3640.76503546964,4443.002863793761]},"geometry":{"type":"LineString","coordinates":[[16.893288,48.754553],[16.893807,48.755094],[16.893788,48.755189],[16.893581,48.755342],[16.893883,48.755659],[16.893888,48.755714],[16.893649,48.755937],[16.893403,48.756075],[16.893408,48.756196],[16.893315,48.756251],[16.893363,48.75634],[16.893539,48.756574],[16.893918,48.756957],[16.895273,48.758117],[16.895297,48.758232],[16.895178,48.758342],[16.89054,48.760701],[16.888909,48.761567],[16.888871,48.761627],[16.88889,48.761693],[16.889299,48.762194],[16.889368,48.762427],[16.889358,48.762715],[16.889231,48.763268],[16.889108,48.763599],[16.888743,48.764179],[16.888513,48.764464],[16.88846,48.764616],[16.890815,48.769825],[16.890964,48.770236],[16.891411,48.772061],[16.890918,48.772168],[16.890135,48.772449],[16.889686,48.772648],[16.889191,48.77297],[16.888239,48.772688],[16.888068,48.772581],[16.888029,48.772373],[16.886841,48.772266],[16.886796,48.772535],[16.885972,48.773743],[16.885962,48.773889],[16.88606,48.774012],[16.886244,48.774093],[16.888608,48.774844],[16.890318,48.775349],[16.891207,48.775666],[16.892037,48.774587],[16.892165,48.774493],[16.894152,48.775921],[16.894519,48.776118],[16.900546,48.778822],[16.901272,48.779113],[16.902606,48.779573]]}},{"type":"Feature","properties":{"patternId":"566-1-2","lineId":"566","lineName":"566","mode":"bus","color":"#2C89C8","source":"routed","stopDistances":[0,551.2790588566606,930.7938316560037,1395.1371453701981,2098.3172498519216,2674.2810106089846,3313.2557474941896,4021.7907677439234,4972.2447687707045]},"geometry":{"type":"LineString","coordinates":[[16.849655,48.757942],[16.85026,48.757573],[16.85089,48.757051],[16.851214,48.756515],[16.851473,48.75583],[16.849101,48.755497],[16.849146,48.75523],[16.849936,48.754276],[16.851354,48.751987],[16.852945,48.752042],[16.858389,48.752091],[16.863918,48.752818],[16.864283,48.752773],[16.8653,48.752313],[16.865565,48.752316],[16.866353,48.752592],[16.866558,48.752618],[16.869315,48.753561],[16.870547,48.754012],[16.874936,48.756256],[16.877477,48.757664],[16.879739,48.758998],[16.88043,48.759175],[16.881031,48.759246],[16.881592,48.759228],[16.881967,48.759135],[16.883636,48.758213],[16.884206,48.757994],[16.884661,48.757894],[16.886149,48.757716],[16.887013,48.757143],[16.887818,48.756669],[16.889618,48.755834],[16.889785,48.755695],[16.889856,48.755565],[16.890485,48.754155],[16.890708,48.753724],[16.89085,48.75355],[16.890807,48.753438],[16.890901,48.753368],[16.890996,48.753359],[16.891114,48.753411],[16.891139,48.753475],[16.891102,48.75354],[16.891201,48.75361],[16.891557,48.754126],[16.892786,48.755663],[16.893134,48.756042],[16.893249,48.756017],[16.893403,48.756075],[16.893484,48.756042],[16.893649,48.755937],[16.893888,48.755714],[16.893883,48.755659],[16.892982,48.75473],[16.892964,48.754649],[16.893035,48.754581],[16.893197,48.754528],[16.893288,48.754553]]}},{"type":"Feature","properties":{"patternId":"566-1-3","lineId":"566","lineName":"566","mode":"bus","color":"#2C89C8","source":"routed","stopDistances":[0,551.2790588566606,930.7938316560037,1395.1371453701981,2098.3172498519216,2674.2810106089846,3313.174665275132,4022.047415314566,4971.539511842242,6240.702920432142,6794.591833629898,7579.0367438518915,7939.6478241615305,8218.290667834766,8612.224874392043,9414.462702716164]},"geometry":{"type":"LineString","coordinates":[[16.849655,48.757942],[16.85026,48.757573],[16.85089,48.757051],[16.851214,48.756515],[16.851473,48.75583],[16.849101,48.755497],[16.849146,48.75523],[16.849936,48.754276],[16.851354,48.751987],[16.852945,48.752042],[16.858389,48.752091],[16.863918,48.752818],[16.864283,48.752773],[16.8653,48.752313],[16.865565,48.752316],[16.866353,48.752592],[16.866558,48.752618],[16.869315,48.753561],[16.870547,48.754012],[16.874936,48.756256],[16.877477,48.757664],[16.879739,48.758998],[16.88043,48.759175],[16.881125,48.759251],[16.881592,48.759228],[16.881967,48.759135],[16.883636,48.758213],[16.88411,48.758023],[16.884629,48.757899],[16.886022,48.757742],[16.886239,48.75768],[16.887013,48.757143],[16.887818,48.756669],[16.889618,48.755834],[16.889785,48.755695],[16.889856,48.755565],[16.890485,48.754155],[16.890708,48.753724],[16.89085,48.75355],[16.890807,48.753438],[16.890901,48.753368],[16.891043,48.753369],[16.891133,48.75344],[16.891102,48.75354],[16.891201,48.75361],[16.891557,48.754126],[16.892786,48.755663],[16.893134,48.756042],[16.893249,48.756017],[16.893403,48.756075],[16.893484,48.756042],[16.893752,48.755853],[16.893888,48.755714],[16.893883,48.755659],[16.892982,48.75473],[16.892964,48.754649],[16.893124,48.754544],[16.893259,48.754536],[16.893807,48.755094],[16.893788,48.755189],[16.893581,48.755342],[16.893883,48.755659],[16.893888,48.755714],[16.893649,48.755937],[16.893403,48.756075],[16.893408,48.756196],[16.893315,48.756251],[16.893539,48.756574],[16.893918,48.756957],[16.895273,48.758117],[16.895297,48.758232],[16.895178,48.758342],[16.888981,48.761509],[16.888871,48.761627],[16.888933,48.761753],[16.889299,48.762194],[16.889368,48.762427],[16.889367,48.762652],[16.889231,48.763268],[16.889108,48.763599],[16.888743,48.764179],[16.888513,48.764464],[16.88846,48.764616],[16.890815,48.769825],[16.890964,48.770236],[16.891411,48.772061],[16.890918,48.772168],[16.890135,48.772449],[16.889686,48.772648],[16.889191,48.77297],[16.888239,48.772688],[16.888068,48.772581],[16.888029,48.772373],[16.886841,48.772266],[16.886796,48.772535],[16.885972,48.773743],[16.885962,48.773889],[16.88606,48.774012],[16.886244,48.774093],[16.888608,48.774844],[16.890318,48.775349],[16.891207,48.775666],[16.892037,48.774587],[16.892165,48.774493],[16.894152,48.775921],[16.894519,48.776118],[16.900546,48.778822],[16.901272,48.779113],[16.902606,48.779573]]}},{"type":"Feature","properties":{"patternId":"567-0-1","lineId":"567","lineName":"567","mode":"bus","color":"#2C89C8","source":"osm","stopDistances":[0,893.1257949509155,1602.1037434584496,2253.3922233629964,2829.333267545452,3300.889880656352,3886.394329391804,4556.747853585737]},"geometry":{"type":"LineString","coordinates":[[16.893622,48.7548975],[16.8938072,48.7550938],[16.8938124,48.7551435],[16.8935811,48.7553418],[16.8938826,48.7556588],[16.8938877,48.7557135],[16.8936489,48.7559367],[16.8934031,48.7560754],[16.8934279,48.7561561],[16.8933691,48.7562287],[16.8932622,48.7562595],[16.8931562,48.7562447],[16.8930646,48.7561614],[16.8930735,48.7560951],[16.893134,48.7560418],[16.8927859,48.7556627],[16.8915565,48.7541262],[16.8912014,48.75361],[16.8911019,48.7535401],[16.8909511,48.7535813],[16.8908503,48.7535499],[16.8907084,48.7537237],[16.8904852,48.7541545],[16.8898559,48.755565],[16.8897317,48.7557522],[16.8895403,48.7558736],[16.8878175,48.7566687],[16.8870132,48.7571429],[16.8862393,48.7576801],[16.8860218,48.757742],[16.8846609,48.757894],[16.8841096,48.7580233],[16.8836359,48.7582134],[16.8819674,48.7591352],[16.8817538,48.7591909],[16.8815915,48.7592284],[16.8812027,48.7592534],[16.88043,48.7591745],[16.8800831,48.7592693],[16.8795894,48.7589028],[16.8763863,48.7570455],[16.8736436,48.7555771],[16.8706408,48.7540552],[16.8693152,48.7535606],[16.8665582,48.7526183],[16.866353,48.7525916],[16.8662228,48.7526406],[16.8648484,48.7538267],[16.8632704,48.7553993],[16.862492,48.7561259],[16.8610733,48.7572124],[16.8608153,48.7571292],[16.8514725,48.7558301],[16.8512135,48.7565153],[16.8508896,48.7570506],[16.8502595,48.7575725],[16.8496706,48.7579319]]}},{"type":"Feature","properties":{"patternId":"567-0-2","lineId":"567","lineName":"567","mode":"bus","color":"#2C89C8","source":"routed","stopDistances":[0,701.3395808789835,1211.3748008041907,2411.3192422662987,3349.7176488744394,4058.590398913878,4709.877314322628,5285.821149283877,5757.264982827311,6342.713632516827,7014.682399836695]},"geometry":{"type":"LineString","coordinates":[[16.906685,48.750413],[16.907772,48.750004],[16.907866,48.749958],[16.907922,48.749876],[16.907905,48.749764],[16.90725,48.749134],[16.907163,48.748961],[16.904516,48.749305],[16.903552,48.749392],[16.899532,48.749492],[16.899221,48.749695],[16.898048,48.75018],[16.893421,48.751754],[16.893049,48.751832],[16.892673,48.75183],[16.892342,48.751745],[16.892243,48.751693],[16.891494,48.751004],[16.890411,48.751441],[16.89015,48.751614],[16.890083,48.751726],[16.890098,48.751786],[16.890245,48.751988],[16.890907,48.752639],[16.890996,48.752783],[16.891039,48.75306],[16.890996,48.753359],[16.891133,48.75344],[16.891102,48.75354],[16.891201,48.75361],[16.891557,48.754126],[16.892786,48.755663],[16.893134,48.756042],[16.893249,48.756017],[16.893403,48.756075],[16.893484,48.756042],[16.893752,48.755853],[16.893888,48.755714],[16.893883,48.755659],[16.892982,48.75473],[16.892964,48.754649],[16.893124,48.754544],[16.893259,48.754536],[16.893807,48.755094],[16.893788,48.755189],[16.893581,48.755342],[16.893883,48.755659],[16.893888,48.755714],[16.893649,48.755937],[16.893403,48.756075],[16.893428,48.756156],[16.893369,48.756229],[16.893208,48.756257],[16.893081,48.756193],[16.893062,48.756128],[16.893134,48.756042],[16.892786,48.755663],[16.891557,48.754126],[16.891201,48.75361],[16.891102,48.75354],[16.891008,48.753579],[16.89085,48.75355],[16.890708,48.753724],[16.890485,48.754155],[16.889856,48.755565],[16.889785,48.755695],[16.889618,48.755834],[16.887818,48.756669],[16.887013,48.757143],[16.886239,48.75768],[16.886022,48.757742],[16.884629,48.757899],[16.88411,48.758023],[16.883636,48.758213],[16.881967,48.759135],[16.881592,48.759228],[16.881125,48.759251],[16.88043,48.759175],[16.880083,48.759269],[16.879589,48.758903],[16.876386,48.757046],[16.873644,48.755577],[16.870641,48.754055],[16.869315,48.753561],[16.866558,48.752618],[16.866406,48.752589],[16.866223,48.752641],[16.864848,48.753827],[16.86327,48.755399],[16.862492,48.756126],[16.861073,48.757212],[16.860815,48.757129],[16.851473,48.75583],[16.851214,48.756515],[16.85089,48.757051],[16.85026,48.757573],[16.849655,48.757942]]}},{"type":"Feature","properties":{"patternId":"567-1-1","lineId":"567","lineName":"567","mode":"bus","color":"#2C89C8","source":"osm","stopDistances":[0,975.093270025245,1560.5977187606973,2032.1543318715967,2608.1190925633273,3247.1512382432034,3955.720130363049,4839.592802366509]},"geometry":{"type":"LineString","coordinates":[[16.84965468930544,48.757941391778175],[16.8494277,48.7580768],[16.8494441,48.7583593],[16.8485684,48.7589122],[16.8483018,48.7587434],[16.8500301,48.7577261],[16.8508896,48.7570506],[16.8512135,48.7565153],[16.8514725,48.7558301],[16.8608153,48.7571292],[16.8610733,48.7572124],[16.862492,48.7561259],[16.8632704,48.7553993],[16.8648484,48.7538267],[16.8662228,48.7526406],[16.866353,48.7525916],[16.8665582,48.7526183],[16.8693152,48.7535606],[16.8705472,48.7540121],[16.8749358,48.7562563],[16.8774766,48.7576638],[16.8797386,48.7589978],[16.88043,48.7591745],[16.8809286,48.7592374],[16.8814022,48.7592478],[16.881621,48.7592237],[16.8819674,48.7591352],[16.8836359,48.7582134],[16.8842056,48.7579937],[16.8847396,48.7578825],[16.8861489,48.7577159],[16.8870132,48.7571429],[16.8878175,48.7566687],[16.8896184,48.7558335],[16.8897852,48.7556949],[16.8898559,48.755565],[16.8904852,48.7541545],[16.8907084,48.7537237],[16.8908503,48.7535499],[16.8908065,48.7534378],[16.8909005,48.7533675],[16.8909963,48.7533593],[16.8911139,48.753411],[16.8911391,48.7534752],[16.8911019,48.7535401],[16.8912014,48.75361],[16.8915565,48.7541262],[16.8927859,48.7556627],[16.893134,48.7560418],[16.8932492,48.756017],[16.8934031,48.7560754],[16.8934836,48.7560418],[16.8936489,48.7559367],[16.8938877,48.7557135],[16.8938826,48.7556588],[16.893183,48.7549429]]}},{"type":"Feature","properties":{"patternId":"568-0-1","lineId":"568","lineName":"568","mode":"bus","color":"#2C89C8","source":"routed","stopDistances":[0,701.3395808789835,1211.3748008041907,2411.1682805745627,3349.4444493859214,3799.4300527157357,4279.805781718668,5835.987866238708,6720.317541512856,7296.254865205729,7999.537618522775,8463.88093223697,8843.395705036313,9394.674763892974]},"geometry":{"type":"LineString","coordinates":[[16.906685,48.750413],[16.907772,48.750004],[16.907866,48.749958],[16.907922,48.749876],[16.907905,48.749764],[16.90725,48.749134],[16.907163,48.748961],[16.904516,48.749305],[16.903552,48.749392],[16.899532,48.749492],[16.899221,48.749695],[16.898048,48.75018],[16.893421,48.751754],[16.893049,48.751832],[16.892673,48.75183],[16.892342,48.751745],[16.892243,48.751693],[16.891494,48.751004],[16.890411,48.751441],[16.89015,48.751614],[16.890083,48.751726],[16.890098,48.751786],[16.890245,48.751988],[16.890907,48.752639],[16.890996,48.752783],[16.891039,48.75306],[16.890996,48.753359],[16.891133,48.75344],[16.891102,48.75354],[16.891201,48.75361],[16.891557,48.754126],[16.893054,48.75597],[16.893134,48.756042],[16.893249,48.756017],[16.893403,48.756075],[16.893649,48.755937],[16.893845,48.755759],[16.893883,48.755659],[16.892982,48.75473],[16.892964,48.754649],[16.893035,48.754581],[16.893197,48.754528],[16.893308,48.754564],[16.893807,48.755094],[16.893788,48.755189],[16.893581,48.755342],[16.893883,48.755659],[16.893888,48.755714],[16.893649,48.755937],[16.893403,48.756075],[16.893428,48.756156],[16.893369,48.756229],[16.893262,48.75626],[16.893113,48.756223],[16.893062,48.756128],[16.893134,48.756042],[16.892786,48.755663],[16.891557,48.754126],[16.891201,48.75361],[16.891102,48.75354],[16.891008,48.753579],[16.89085,48.75355],[16.890708,48.753724],[16.890485,48.754155],[16.889856,48.755565],[16.88968,48.755794],[16.887818,48.756669],[16.887013,48.757143],[16.886239,48.75768],[16.886022,48.757742],[16.88487,48.757866],[16.884975,48.757435],[16.88497,48.75726],[16.884539,48.756382],[16.884188,48.755487],[16.883842,48.753682],[16.883846,48.752854],[16.883944,48.752327],[16.884101,48.751791],[16.883302,48.751603],[16.882541,48.75312],[16.881359,48.753156],[16.880969,48.753225],[16.880102,48.754073],[16.879942,48.754183],[16.87946,48.754357],[16.878908,48.754479],[16.878305,48.754655],[16.877923,48.754833],[16.875604,48.756094],[16.875305,48.756267],[16.875276,48.756346],[16.875264,48.756438],[16.877477,48.757664],[16.879739,48.758998],[16.88043,48.759175],[16.881031,48.759246],[16.881402,48.759248],[16.881565,48.759304],[16.881619,48.759417],[16.880994,48.759969],[16.880716,48.760164],[16.880149,48.759341],[16.879739,48.758998],[16.876386,48.757046],[16.873644,48.755577],[16.870351,48.75393],[16.866558,48.752618],[16.866353,48.752592],[16.865565,48.752316],[16.865441,48.752299],[16.865241,48.752335],[16.864283,48.752773],[16.863918,48.752818],[16.858389,48.752091],[16.852945,48.752042],[16.851354,48.751987],[16.849936,48.754276],[16.849146,48.75523],[16.849101,48.755497],[16.851473,48.75583],[16.851214,48.756515],[16.85089,48.757051],[16.85026,48.757573],[16.849655,48.757942]]}},{"type":"Feature","properties":{"patternId":"568-1-1","lineId":"568","lineName":"568","mode":"bus","color":"#2C89C8","source":"routed","stopDistances":[0,551.2790588566606,930.7938316560037,1395.1371453701981,2098.3172498519216,2674.2810106089846,3313.2557474941896,3748.4307966815936,4228.806525684526,5591.98017073774,6541.67632648584,7653.31207205001,8227.46459978705,8585.892144383897,8877.193811447863]},"geometry":{"type":"LineString","coordinates":[[16.849655,48.757942],[16.85026,48.757573],[16.85089,48.757051],[16.851214,48.756515],[16.851473,48.75583],[16.849101,48.755497],[16.849146,48.75523],[16.849936,48.754276],[16.851354,48.751987],[16.852945,48.752042],[16.858389,48.752091],[16.863918,48.752818],[16.864283,48.752773],[16.8653,48.752313],[16.865565,48.752316],[16.866353,48.752592],[16.866558,48.752618],[16.869315,48.753561],[16.870547,48.754012],[16.874936,48.756256],[16.877477,48.757664],[16.879739,48.758998],[16.88043,48.759175],[16.881031,48.759246],[16.881402,48.759248],[16.881621,48.759224],[16.881967,48.759135],[16.883636,48.758213],[16.884286,48.757971],[16.88487,48.757866],[16.884908,48.757734],[16.884975,48.757435],[16.88497,48.75726],[16.884539,48.756382],[16.884188,48.755487],[16.883842,48.753682],[16.883846,48.752854],[16.883944,48.752327],[16.884101,48.751791],[16.883302,48.751603],[16.882541,48.75312],[16.882514,48.753742],[16.883842,48.753682],[16.884188,48.755487],[16.884539,48.756382],[16.88497,48.75726],[16.884975,48.757435],[16.88487,48.757866],[16.886022,48.757742],[16.886239,48.75768],[16.887013,48.757143],[16.887818,48.756669],[16.88968,48.755794],[16.889856,48.755565],[16.890485,48.754155],[16.890708,48.753724],[16.89085,48.75355],[16.890807,48.753438],[16.890901,48.753368],[16.890996,48.753359],[16.891114,48.753411],[16.891139,48.753475],[16.891102,48.75354],[16.891201,48.75361],[16.891557,48.754126],[16.892786,48.755663],[16.893134,48.756042],[16.893249,48.756017],[16.893403,48.756075],[16.893484,48.756042],[16.893752,48.755853],[16.893888,48.755714],[16.893883,48.755659],[16.892982,48.75473],[16.892964,48.754649],[16.893124,48.754544],[16.893259,48.754536],[16.893807,48.755094],[16.893788,48.755189],[16.893581,48.755342],[16.893883,48.755659],[16.893888,48.755714],[16.893649,48.755937],[16.893403,48.756075],[16.893408,48.756196],[16.893262,48.75626],[16.893156,48.756245],[16.893081,48.756193],[16.893062,48.756128],[16.893134,48.756042],[16.892786,48.755663],[16.891557,48.754126],[16.891201,48.75361],[16.891102,48.75354],[16.890951,48.753581],[16.890823,48.753527],[16.890827,48.753409],[16.890996,48.753359],[16.891025,48.753237],[16.890996,48.752783],[16.890907,48.752639],[16.890245,48.751988],[16.890083,48.751726],[16.89015,48.751614],[16.890411,48.751441],[16.893615,48.750138],[16.894607,48.749827],[16.895406,48.749661],[16.895791,48.749615],[16.896528,48.749563],[16.903552,48.749392],[16.903624,48.751215],[16.905483,48.750852],[16.906685,48.750413]]}},{"type":"Feature","properties":{"patternId":"569-0-1","lineId":"569","lineName":"569","mode":"bus","color":"#2C89C8","source":"routed","stopDistances":[0,391.8462221029562,985.7142748790366,1734.950988784896,2192.882701176509,2664.5364186519205,3240.5001794089835,3879.4749162941885,4314.529421884295,4794.905150887226,6158.078795940441,7108.276048736276]},"geometry":{"type":"LineString","coordinates":[[16.847608,48.769287],[16.847601,48.769165],[16.847142,48.769114],[16.846499,48.768573],[16.845981,48.768311],[16.845404,48.768088],[16.847503,48.76571],[16.848807,48.764038],[16.849085,48.763734],[16.850124,48.763023],[16.851337,48.762094],[16.851631,48.76193],[16.855471,48.760603],[16.857726,48.759724],[16.858384,48.759432],[16.860307,48.7578],[16.862492,48.756126],[16.86327,48.755399],[16.864848,48.753827],[16.866275,48.752612],[16.866406,48.752589],[16.866558,48.752618],[16.869315,48.753561],[16.870547,48.754012],[16.874936,48.756256],[16.877477,48.757664],[16.879739,48.758998],[16.88043,48.759175],[16.881031,48.759246],[16.881592,48.759228],[16.881967,48.759135],[16.883753,48.758158],[16.884286,48.757971],[16.88487,48.757866],[16.884975,48.757435],[16.88497,48.75726],[16.884539,48.756382],[16.884188,48.755487],[16.883842,48.753682],[16.883846,48.752854],[16.883944,48.752327],[16.884101,48.751791],[16.883302,48.751603],[16.882541,48.75312],[16.882514,48.753742],[16.883842,48.753682],[16.884188,48.755487],[16.884539,48.756382],[16.88497,48.75726],[16.884975,48.757435],[16.88487,48.757866],[16.886022,48.757742],[16.886239,48.75768],[16.887013,48.757143],[16.887818,48.756669],[16.88968,48.755794],[16.889856,48.755565],[16.890485,48.754155],[16.890708,48.753724],[16.89085,48.75355],[16.890807,48.753438],[16.890901,48.753368],[16.890996,48.753359],[16.891114,48.753411],[16.891139,48.753475],[16.891102,48.75354],[16.891201,48.75361],[16.891557,48.754126],[16.892786,48.755663],[16.893134,48.756042],[16.893249,48.756017],[16.893403,48.756075],[16.893484,48.756042],[16.893649,48.755937],[16.893888,48.755714],[16.893883,48.755659],[16.892982,48.75473],[16.892964,48.754649],[16.893035,48.754581],[16.893197,48.754528],[16.893288,48.754553]]}},{"type":"Feature","properties":{"patternId":"569-0-2","lineId":"569","lineName":"569","mode":"bus","color":"#2C89C8","source":"routed","stopDistances":[0,391.8462221029562,985.7142748790366,1734.950988784896,2192.882701176509,2664.524558302803,3240.488319059866,3879.463055945071,4314.638105132474,4795.013834135406,6158.18747918862,7107.921939822311,8377.411590001813,8931.30050319957,9715.745413421564,10076.6082806371,10355.251124310334,10749.18533086761,11551.423159191732]},"geometry":{"type":"LineString","coordinates":[[16.847608,48.769287],[16.847601,48.769165],[16.847142,48.769114],[16.846499,48.768573],[16.845981,48.768311],[16.845404,48.768088],[16.847503,48.76571],[16.848807,48.764038],[16.849085,48.763734],[16.850124,48.763023],[16.851337,48.762094],[16.851631,48.76193],[16.855471,48.760603],[16.857726,48.759724],[16.858384,48.759432],[16.860307,48.7578],[16.862492,48.756126],[16.86327,48.755399],[16.864848,48.753827],[16.866247,48.752625],[16.866406,48.752589],[16.866558,48.752618],[16.869315,48.753561],[16.870547,48.754012],[16.874936,48.756256],[16.877477,48.757664],[16.879739,48.758998],[16.88043,48.759175],[16.881031,48.759246],[16.881402,48.759248],[16.881621,48.759224],[16.881967,48.759135],[16.883636,48.758213],[16.884286,48.757971],[16.88487,48.757866],[16.884908,48.757734],[16.884975,48.757435],[16.88497,48.75726],[16.884539,48.756382],[16.884188,48.755487],[16.883842,48.753682],[16.883846,48.752854],[16.883944,48.752327],[16.884101,48.751791],[16.883302,48.751603],[16.882541,48.75312],[16.882514,48.753742],[16.883842,48.753682],[16.884188,48.755487],[16.884539,48.756382],[16.88497,48.75726],[16.884975,48.757435],[16.88487,48.757866],[16.886022,48.757742],[16.886239,48.75768],[16.887013,48.757143],[16.887818,48.756669],[16.88968,48.755794],[16.889856,48.755565],[16.890485,48.754155],[16.890708,48.753724],[16.89085,48.75355],[16.890807,48.753438],[16.890859,48.753385],[16.890996,48.753359],[16.891114,48.753411],[16.891139,48.753475],[16.891102,48.75354],[16.891201,48.75361],[16.891557,48.754126],[16.892786,48.755663],[16.893134,48.756042],[16.893249,48.756017],[16.893403,48.756075],[16.893484,48.756042],[16.893752,48.755853],[16.893888,48.755714],[16.893883,48.755659],[16.892982,48.75473],[16.892964,48.754649],[16.893124,48.754544],[16.893259,48.754536],[16.893807,48.755094],[16.893788,48.755189],[16.893581,48.755342],[16.893883,48.755659],[16.893888,48.755714],[16.893649,48.755937],[16.893403,48.756075],[16.893408,48.756196],[16.893315,48.756251],[16.893539,48.756574],[16.893918,48.756957],[16.895302,48.758155],[16.895274,48.75827],[16.895178,48.758342],[16.888981,48.761509],[16.888871,48.761627],[16.888933,48.761753],[16.889299,48.762194],[16.889368,48.762427],[16.889367,48.762652],[16.889231,48.763268],[16.889108,48.763599],[16.888743,48.764179],[16.888513,48.764464],[16.88846,48.764616],[16.890815,48.769825],[16.890964,48.770236],[16.891411,48.772061],[16.890918,48.772168],[16.890135,48.772449],[16.889686,48.772648],[16.889191,48.77297],[16.888239,48.772688],[16.888068,48.772581],[16.888029,48.772373],[16.886841,48.772266],[16.886796,48.772535],[16.885972,48.773743],[16.88595,48.773841],[16.885987,48.773937],[16.886099,48.774037],[16.886244,48.774093],[16.888608,48.774844],[16.890318,48.775349],[16.891207,48.775666],[16.892037,48.774587],[16.892165,48.774493],[16.894152,48.775921],[16.894519,48.776118],[16.900546,48.778822],[16.901272,48.779113],[16.902606,48.779573]]}},{"type":"Feature","properties":{"patternId":"569-1-1","lineId":"569","lineName":"569","mode":"bus","color":"#2C89C8","source":"routed","stopDistances":[0,701.3395808789835,1211.3748008041907,2411.1682805745627,3349.4444493859214,3799.4300527157357,4279.805781718668,5835.987866238708,6720.317541512856,7296.254865205729,7767.907170434428,8225.838882826038,8975.075596731896,9568.943649507977,9960.789871610936]},"geometry":{"type":"LineString","coordinates":[[16.906685,48.750413],[16.907772,48.750004],[16.907866,48.749958],[16.907922,48.749876],[16.907905,48.749764],[16.90725,48.749134],[16.907163,48.748961],[16.904516,48.749305],[16.903552,48.749392],[16.899532,48.749492],[16.899221,48.749695],[16.898048,48.75018],[16.893421,48.751754],[16.893049,48.751832],[16.892673,48.75183],[16.892342,48.751745],[16.892243,48.751693],[16.891494,48.751004],[16.890411,48.751441],[16.89015,48.751614],[16.890083,48.751726],[16.890098,48.751786],[16.890245,48.751988],[16.890907,48.752639],[16.890996,48.752783],[16.891039,48.75306],[16.890996,48.753359],[16.891133,48.75344],[16.891102,48.75354],[16.891201,48.75361],[16.891557,48.754126],[16.893054,48.75597],[16.893134,48.756042],[16.893249,48.756017],[16.893403,48.756075],[16.893649,48.755937],[16.893845,48.755759],[16.893883,48.755659],[16.892982,48.75473],[16.892964,48.754649],[16.893035,48.754581],[16.893197,48.754528],[16.893308,48.754564],[16.893807,48.755094],[16.893788,48.755189],[16.893581,48.755342],[16.893883,48.755659],[16.893888,48.755714],[16.893649,48.755937],[16.893403,48.756075],[16.893428,48.756156],[16.893369,48.756229],[16.893262,48.75626],[16.893113,48.756223],[16.893062,48.756128],[16.893134,48.756042],[16.892786,48.755663],[16.891557,48.754126],[16.891201,48.75361],[16.891102,48.75354],[16.891008,48.753579],[16.89085,48.75355],[16.890708,48.753724],[16.890485,48.754155],[16.889856,48.755565],[16.88968,48.755794],[16.887818,48.756669],[16.887013,48.757143],[16.886239,48.75768],[16.886022,48.757742],[16.88487,48.757866],[16.884975,48.757435],[16.88497,48.75726],[16.884539,48.756382],[16.884188,48.755487],[16.883842,48.753682],[16.883846,48.752854],[16.883944,48.752327],[16.884101,48.751791],[16.883302,48.751603],[16.882541,48.75312],[16.881359,48.753156],[16.880969,48.753225],[16.880102,48.754073],[16.879942,48.754183],[16.87946,48.754357],[16.878908,48.754479],[16.878305,48.754655],[16.877923,48.754833],[16.875604,48.756094],[16.875305,48.756267],[16.875276,48.756346],[16.875264,48.756438],[16.877477,48.757664],[16.879739,48.758998],[16.88043,48.759175],[16.881031,48.759246],[16.881402,48.759248],[16.881565,48.759304],[16.881619,48.759417],[16.880994,48.759969],[16.880716,48.760164],[16.880149,48.759341],[16.879739,48.758998],[16.876386,48.757046],[16.873644,48.755577],[16.870351,48.75393],[16.866558,48.752618],[16.866406,48.752589],[16.866275,48.752612],[16.864848,48.753827],[16.86327,48.755399],[16.862492,48.756126],[16.860307,48.7578],[16.858384,48.759432],[16.857726,48.759724],[16.855471,48.760603],[16.851631,48.76193],[16.851337,48.762094],[16.850124,48.763023],[16.849085,48.763734],[16.848807,48.764038],[16.847503,48.76571],[16.845404,48.768088],[16.845981,48.768311],[16.846499,48.768573],[16.847142,48.769114],[16.847601,48.769165],[16.847608,48.769287]]}},{"type":"Feature","properties":{"patternId":"569-1-2","lineId":"569","lineName":"569","mode":"bus","color":"#2C89C8","source":"routed","stopDistances":[0,460.2264044188043,802.237828324121,1196.1720348813972,1474.8148785546318,1808.744782717322,2502.9036396072524,3075.72742310071,4397.455985001603]},"geometry":{"type":"LineString","coordinates":[[16.902606,48.779573],[16.901272,48.779113],[16.900546,48.778822],[16.894519,48.776118],[16.894152,48.775921],[16.892165,48.774493],[16.892037,48.774587],[16.891207,48.775666],[16.890318,48.775349],[16.888608,48.774844],[16.886244,48.774093],[16.88606,48.774012],[16.885962,48.773889],[16.885972,48.773743],[16.886796,48.772535],[16.886841,48.772266],[16.888375,48.772394],[16.888912,48.772361],[16.889229,48.772312],[16.889481,48.77225],[16.88988,48.772088],[16.891008,48.77142],[16.891253,48.771356],[16.890964,48.770236],[16.890815,48.769825],[16.88846,48.764616],[16.88825,48.764316],[16.888817,48.764047],[16.889108,48.763599],[16.889302,48.762996],[16.889367,48.762652],[16.889357,48.762358],[16.889217,48.762072],[16.88889,48.761693],[16.888871,48.761627],[16.888936,48.761542],[16.895178,48.758342],[16.895297,48.758232],[16.895273,48.758117],[16.893918,48.756957],[16.893539,48.756574],[16.893315,48.756251],[16.893156,48.756245],[16.893081,48.756193],[16.893062,48.756128],[16.893134,48.756042],[16.893249,48.756017],[16.893403,48.756075],[16.893484,48.756042],[16.893649,48.755937],[16.893888,48.755714],[16.893883,48.755659],[16.892982,48.75473],[16.892964,48.754649],[16.893035,48.754581],[16.893197,48.754528],[16.893288,48.754553]]}},{"type":"Feature","properties":{"patternId":"569-1-3","lineId":"569","lineName":"569","mode":"bus","color":"#2C89C8","source":"routed","stopDistances":[0,460.2264044188043,802.237828324121,1196.1720348813972,1474.8148785546318,1808.99656962322,2503.15542651315,3075.9792100066084,4397.5519251410315,5335.818471852101,5785.804075181916,6266.179804184848,7822.361888704888,8706.691563979037,9282.628887671908,9754.26933255149,10212.2010449431,10961.437758848957,11555.305811625038,11947.152033727996]},"geometry":{"type":"LineString","coordinates":[[16.902606,48.779573],[16.901272,48.779113],[16.900546,48.778822],[16.894519,48.776118],[16.894152,48.775921],[16.892165,48.774493],[16.892037,48.774587],[16.891207,48.775666],[16.890318,48.775349],[16.888608,48.774844],[16.886244,48.774093],[16.886099,48.774037],[16.885987,48.773937],[16.88595,48.773841],[16.885972,48.773743],[16.886796,48.772535],[16.886841,48.772266],[16.888375,48.772394],[16.888912,48.772361],[16.889229,48.772312],[16.889481,48.77225],[16.88988,48.772088],[16.891008,48.77142],[16.891253,48.771356],[16.890964,48.770236],[16.890815,48.769825],[16.88846,48.764616],[16.88825,48.764316],[16.888817,48.764047],[16.889108,48.763599],[16.889302,48.762996],[16.889367,48.762652],[16.889357,48.762358],[16.889299,48.762194],[16.888933,48.761753],[16.888871,48.761627],[16.888981,48.761509],[16.895178,48.758342],[16.895274,48.75827],[16.895302,48.758155],[16.893918,48.756957],[16.893539,48.756574],[16.893315,48.756251],[16.893156,48.756245],[16.893065,48.756161],[16.893098,48.756066],[16.893188,48.756023],[16.89331,48.756025],[16.893403,48.756075],[16.893484,48.756042],[16.893649,48.755937],[16.893888,48.755714],[16.893883,48.755659],[16.892982,48.75473],[16.892964,48.754649],[16.893124,48.754544],[16.893259,48.754536],[16.893807,48.755094],[16.893788,48.755189],[16.893581,48.755342],[16.893883,48.755659],[16.893888,48.755714],[16.893649,48.755937],[16.893403,48.756075],[16.893428,48.756156],[16.893369,48.756229],[16.893262,48.75626],[16.893113,48.756223],[16.893062,48.756128],[16.893134,48.756042],[16.892786,48.755663],[16.891557,48.754126],[16.891201,48.75361],[16.891102,48.75354],[16.891008,48.753579],[16.89085,48.75355],[16.890708,48.753724],[16.889856,48.755565],[16.88968,48.755794],[16.887818,48.756669],[16.887013,48.757143],[16.886239,48.75768],[16.886022,48.757742],[16.88487,48.757866],[16.884975,48.757435],[16.88497,48.75726],[16.884539,48.756382],[16.884188,48.755487],[16.883842,48.753682],[16.883846,48.752854],[16.883944,48.752327],[16.884101,48.751791],[16.883302,48.751603],[16.882541,48.75312],[16.881359,48.753156],[16.880969,48.753225],[16.880102,48.754073],[16.879942,48.754183],[16.87946,48.754357],[16.878908,48.754479],[16.878305,48.754655],[16.877923,48.754833],[16.875604,48.756094],[16.875305,48.756267],[16.875276,48.756346],[16.875264,48.756438],[16.877477,48.757664],[16.879739,48.758998],[16.88043,48.759175],[16.881031,48.759246],[16.881402,48.759248],[16.881565,48.759304],[16.881619,48.759417],[16.880994,48.759969],[16.880716,48.760164],[16.880149,48.759341],[16.879739,48.758998],[16.876386,48.757046],[16.873644,48.755577],[16.870351,48.75393],[16.866558,48.752618],[16.866406,48.752589],[16.866247,48.752625],[16.864848,48.753827],[16.86327,48.755399],[16.862492,48.756126],[16.860307,48.7578],[16.858384,48.759432],[16.857726,48.759724],[16.855471,48.760603],[16.851631,48.76193],[16.851337,48.762094],[16.850124,48.763023],[16.849085,48.763734],[16.848807,48.764038],[16.847503,48.76571],[16.845404,48.768088],[16.845981,48.768311],[16.846499,48.768573],[16.847142,48.769114],[16.847601,48.769165],[16.847608,48.769287]]}},{"type":"Feature","properties":{"patternId":"571-0-1","lineId":"571","lineName":"571","mode":"bus","color":"#7FFFAA","source":"osm","stopDistances":[0,459.8367786064616,1035.7688191931163,2092.9904310535317,6986.942907869866,8577.363214077197,9340.606333625252,9809.583445900027]},"geometry":{"type":"LineString","coordinates":[[16.878752009272876,48.75840876794056],[16.8763863,48.7570455],[16.8749358,48.7562563],[16.8706408,48.7540552],[16.8693152,48.7535606],[16.8664515,48.7525912],[16.866318,48.7525991],[16.8662228,48.7526406],[16.8650862,48.7536128],[16.862492,48.7561259],[16.8610733,48.7572124],[16.8608153,48.7571292],[16.8486937,48.7554334],[16.828189,48.7526433],[16.800546,48.748775],[16.79995,48.7486212],[16.7982483,48.7480441],[16.7932843,48.7467658],[16.7927698,48.746591],[16.7917293,48.7461382],[16.7911662,48.7459363],[16.7897971,48.7456782],[16.7886695,48.7455727],[16.7842988,48.745454],[16.7715715,48.7447404],[16.76171,48.7433512],[16.7613462,48.7432434],[16.7609831,48.7430816],[16.7601077,48.7425152],[16.7598273,48.7423709],[16.7594278,48.7422331],[16.7588486,48.74214],[16.7582055,48.7421452],[16.757793,48.7422222],[16.7573761,48.7423558],[16.75689,48.7426084],[16.7561803,48.7431963],[16.75544252910715,48.742831367763614]]}},{"type":"Feature","properties":{"patternId":"571-0-2","lineId":"571","lineName":"571","mode":"bus","color":"#7FFFAA","source":"routed","stopDistances":[0,1839.1417583310879,2298.995452973343,2874.939287934593,4042.7304134270835,8839.983814837336,10430.403946244907,11193.643247614693,11746.19124749243]},"geometry":{"type":"LineString","coordinates":[[16.893288,48.754553],[16.893807,48.755094],[16.893788,48.755189],[16.893581,48.755342],[16.893883,48.755659],[16.893888,48.755714],[16.893649,48.755937],[16.893403,48.756075],[16.893428,48.756156],[16.893369,48.756229],[16.893262,48.75626],[16.893156,48.756245],[16.893065,48.756161],[16.893074,48.756095],[16.893134,48.756042],[16.892786,48.755663],[16.891557,48.754126],[16.891201,48.75361],[16.891102,48.75354],[16.891008,48.753579],[16.89085,48.75355],[16.890708,48.753724],[16.890485,48.754155],[16.889856,48.755565],[16.889732,48.755752],[16.88954,48.755874],[16.88851,48.756328],[16.887644,48.756765],[16.887013,48.757143],[16.886239,48.75768],[16.886022,48.757742],[16.884629,48.757899],[16.88411,48.758023],[16.883636,48.758213],[16.881967,48.759135],[16.881754,48.759191],[16.881592,48.759228],[16.881203,48.759253],[16.88043,48.759175],[16.880083,48.759269],[16.879589,48.758903],[16.876386,48.757046],[16.873644,48.755577],[16.870641,48.754055],[16.869315,48.753561],[16.866558,48.752618],[16.866353,48.752592],[16.865509,48.752305],[16.865368,48.7523],[16.865241,48.752335],[16.864283,48.752773],[16.863918,48.752818],[16.858389,48.752091],[16.852945,48.752042],[16.851354,48.751987],[16.849936,48.754276],[16.849504,48.754829],[16.849181,48.755165],[16.849101,48.755497],[16.828189,48.752643],[16.800546,48.748775],[16.79995,48.748621],[16.798248,48.748044],[16.793284,48.746766],[16.79277,48.746591],[16.791729,48.746138],[16.791166,48.745936],[16.789797,48.745678],[16.78867,48.745573],[16.784299,48.745454],[16.771572,48.74474],[16.76171,48.743351],[16.761346,48.743243],[16.760983,48.743082],[16.760108,48.742515],[16.759827,48.742371],[16.759428,48.742233],[16.758849,48.74214],[16.758205,48.742145],[16.757793,48.742222],[16.757376,48.742356],[16.75689,48.742608],[16.75618,48.743196],[16.755211,48.742732],[16.75547,48.742557],[16.755603,48.742578],[16.755769,48.742664],[16.755684,48.742742]]}},{"type":"Feature","properties":{"patternId":"571-0-3","lineId":"571","lineName":"571","mode":"bus","color":"#7FFFAA","source":"osm","stopDistances":[0,1167.644002866739,1627.560996766109,2203.523982115318,3260.7455939757333,8154.6980707920675,9745.118376999397,10508.361496547452,10977.338608822227]},"geometry":{"type":"LineString","coordinates":[[16.8905823824839,48.75398529782326],[16.8898559,48.755565],[16.8897317,48.7557522],[16.8895403,48.7558736],[16.8878175,48.7566687],[16.8870132,48.7571429],[16.8862393,48.7576801],[16.8860218,48.757742],[16.8846609,48.757894],[16.8842056,48.7579937],[16.8836359,48.7582134],[16.8819674,48.7591352],[16.881621,48.7592237],[16.8814022,48.7592478],[16.8809286,48.7592374],[16.88043,48.7591745],[16.8797386,48.7589978],[16.8774766,48.7576638],[16.8749358,48.7562563],[16.8705472,48.7540121],[16.8693152,48.7535606],[16.8664515,48.7525912],[16.866318,48.7525991],[16.8662228,48.7526406],[16.8650862,48.7536128],[16.862492,48.7561259],[16.8610733,48.7572124],[16.8608153,48.7571292],[16.8486937,48.7554334],[16.828189,48.7526433],[16.800546,48.748775],[16.79995,48.7486212],[16.7982483,48.7480441],[16.7932843,48.7467658],[16.7927698,48.746591],[16.7917293,48.7461382],[16.7911662,48.7459363],[16.7897971,48.7456782],[16.7886695,48.7455727],[16.7842988,48.745454],[16.7715715,48.7447404],[16.76171,48.7433512],[16.7613462,48.7432434],[16.7609831,48.7430816],[16.7601077,48.7425152],[16.7598273,48.7423709],[16.7594278,48.7422331],[16.7588486,48.74214],[16.7582055,48.7421452],[16.757793,48.7422222],[16.7573761,48.7423558],[16.75689,48.7426084],[16.7561803,48.7431963],[16.75544252910715,48.742831367763614]]}},{"type":"Feature","properties":{"patternId":"571-1-1","lineId":"571","lineName":"571","mode":"bus","color":"#7FFFAA","source":"routed","stopDistances":[0,552.5479998777382,1315.7873012475252,2906.2074326550955,7703.46083406535,8871.251959557838,9447.215720314904,10086.190457200106,11745.179478476626]},"geometry":{"type":"LineString","coordinates":[[16.755684,48.742742],[16.755769,48.742664],[16.755603,48.742578],[16.75547,48.742557],[16.755211,48.742732],[16.75618,48.743196],[16.75689,48.742608],[16.757376,48.742356],[16.757793,48.742222],[16.758205,48.742145],[16.758849,48.74214],[16.759428,48.742233],[16.759827,48.742371],[16.760108,48.742515],[16.760983,48.743082],[16.761346,48.743243],[16.76171,48.743351],[16.771572,48.74474],[16.784299,48.745454],[16.78867,48.745573],[16.789797,48.745678],[16.791166,48.745936],[16.791729,48.746138],[16.79277,48.746591],[16.793284,48.746766],[16.798248,48.748044],[16.79995,48.748621],[16.800546,48.748775],[16.828189,48.752643],[16.849101,48.755497],[16.849181,48.755165],[16.849504,48.754829],[16.849936,48.754276],[16.851354,48.751987],[16.852945,48.752042],[16.858389,48.752091],[16.863918,48.752818],[16.864283,48.752773],[16.865241,48.752335],[16.865368,48.7523],[16.865509,48.752305],[16.866353,48.752592],[16.866558,48.752618],[16.869315,48.753561],[16.870547,48.754012],[16.874936,48.756256],[16.877477,48.757664],[16.879739,48.758998],[16.88043,48.759175],[16.881031,48.759246],[16.881592,48.759228],[16.881967,48.759135],[16.883636,48.758213],[16.884206,48.757994],[16.884661,48.757894],[16.886149,48.757716],[16.887013,48.757143],[16.887818,48.756669],[16.889618,48.755834],[16.889785,48.755695],[16.889856,48.755565],[16.890485,48.754155],[16.890708,48.753724],[16.89085,48.75355],[16.890807,48.753438],[16.890901,48.753368],[16.890996,48.753359],[16.891114,48.753411],[16.891139,48.753475],[16.891102,48.75354],[16.891201,48.75361],[16.891557,48.754126],[16.892786,48.755663],[16.893134,48.756042],[16.893249,48.756017],[16.893403,48.756075],[16.893484,48.756042],[16.893649,48.755937],[16.893888,48.755714],[16.893883,48.755659],[16.892982,48.75473],[16.892964,48.754649],[16.893035,48.754581],[16.893197,48.754528],[16.893288,48.754553]]}},{"type":"Feature","properties":{"patternId":"571-1-2","lineId":"571","lineName":"571","mode":"bus","color":"#7FFFAA","source":"osm","stopDistances":[0,468.97711227477595,1232.2202318228296,2822.6405380301617,7716.593014846496,8773.814626706911,9349.746667293564,9988.519625497413]},"geometry":{"type":"LineString","coordinates":[[16.75544252910715,48.742831367763614],[16.7561803,48.7431963],[16.75689,48.7426084],[16.7573761,48.7423558],[16.757793,48.7422222],[16.7582055,48.7421452],[16.7588486,48.74214],[16.7594278,48.7422331],[16.7598273,48.7423709],[16.7601077,48.7425152],[16.7609831,48.7430816],[16.7613462,48.7432434],[16.76171,48.7433512],[16.7715715,48.7447404],[16.7842988,48.745454],[16.7886695,48.7455727],[16.7897971,48.7456782],[16.7911662,48.7459363],[16.7917293,48.7461382],[16.7927698,48.746591],[16.7932843,48.7467658],[16.7982483,48.7480441],[16.79995,48.7486212],[16.800546,48.748775],[16.828189,48.7526433],[16.8486937,48.7554334],[16.8608153,48.7571292],[16.8610733,48.7572124],[16.862492,48.7561259],[16.8650862,48.7536128],[16.8662228,48.7526406],[16.866318,48.7525991],[16.8664515,48.7525912],[16.8693152,48.7535606],[16.8706408,48.7540552],[16.8749358,48.7562563],[16.8774766,48.7576638],[16.8797386,48.7589978],[16.88043,48.7591745],[16.88079007595345,48.75922460256522]]}},{"type":"Feature","properties":{"patternId":"571-1-3","lineId":"571","lineName":"571","mode":"bus","color":"#7FFFAA","source":"osm","stopDistances":[0,468.97711227477595,1232.2202318228296,2822.6405380301617,7716.593014846496,8773.814626706911,9349.77761205612,9988.809757735995,10977.338608822229]},"geometry":{"type":"LineString","coordinates":[[16.75544252910715,48.742831367763614],[16.7561803,48.7431963],[16.75689,48.7426084],[16.7573761,48.7423558],[16.757793,48.7422222],[16.7582055,48.7421452],[16.7588486,48.74214],[16.7594278,48.7422331],[16.7598273,48.7423709],[16.7601077,48.7425152],[16.7609831,48.7430816],[16.7613462,48.7432434],[16.76171,48.7433512],[16.7715715,48.7447404],[16.7842988,48.745454],[16.7886695,48.7455727],[16.7897971,48.7456782],[16.7911662,48.7459363],[16.7917293,48.7461382],[16.7927698,48.746591],[16.7932843,48.7467658],[16.7982483,48.7480441],[16.79995,48.7486212],[16.800546,48.748775],[16.828189,48.7526433],[16.8486937,48.7554334],[16.8608153,48.7571292],[16.8610733,48.7572124],[16.862492,48.7561259],[16.8650862,48.7536128],[16.8662228,48.7526406],[16.866318,48.7525991],[16.8664515,48.7525912],[16.8693152,48.7535606],[16.8705472,48.7540121],[16.8749358,48.7562563],[16.8774766,48.7576638],[16.8797386,48.7589978],[16.88043,48.7591745],[16.8809286,48.7592374],[16.8814022,48.7592478],[16.881621,48.7592237],[16.8819674,48.7591352],[16.8836359,48.7582134],[16.8842056,48.7579937],[16.8846609,48.757894],[16.8860218,48.757742],[16.8862393,48.7576801],[16.8870132,48.7571429],[16.8878175,48.7566687],[16.8895403,48.7558736],[16.8897317,48.7557522],[16.8898559,48.755565],[16.8905823824839,48.75398529782326]]}},{"type":"Feature","properties":{"patternId":"574-0-1","lineId":"574","lineName":"574","mode":"bus","color":"#7FFFAA","source":"osm","stopDistances":[0,1564.2330766535738,2171.970512368213,3371.595377288941,4531.12955449553,8196.128941406512,8750.562495857153,9762.628102525652]},"geometry":{"type":"LineString","coordinates":[[16.893654,48.7551114],[16.8937553,48.755218],[16.8935811,48.7553418],[16.8938826,48.7556588],[16.8938877,48.7557135],[16.8936489,48.7559367],[16.8934031,48.7560754],[16.8934279,48.7561561],[16.8933691,48.7562287],[16.8932622,48.7562595],[16.8931128,48.7562227],[16.893062,48.7561278],[16.893134,48.7560418],[16.8927859,48.7556627],[16.8915565,48.7541262],[16.8912014,48.75361],[16.8911019,48.7535401],[16.8909511,48.7535813],[16.8908503,48.7535499],[16.8907084,48.7537237],[16.8904852,48.7541545],[16.8898559,48.755565],[16.8896804,48.7557935],[16.8878175,48.7566687],[16.8870132,48.7571429],[16.8862393,48.7576801],[16.8860218,48.757742],[16.8844781,48.7579266],[16.8841096,48.7580233],[16.8836359,48.7582134],[16.882059,48.7590665],[16.8809942,48.7599689],[16.880716,48.7601639],[16.8810162,48.7605007],[16.8821965,48.7613137],[16.882922,48.7624131],[16.883239,48.7626809],[16.8835587,48.7628178],[16.8878401,48.7640787],[16.8881134,48.7642055],[16.888351,48.7644333],[16.8903826,48.7688535],[16.8909638,48.7702356],[16.8913573,48.7717805],[16.8914312,48.77221],[16.8914183,48.7725405],[16.8912147,48.7733026],[16.8912103,48.773509],[16.8913139,48.7737935],[16.8914804,48.7739921],[16.8938384,48.775702],[16.8941518,48.775921],[16.8945193,48.7761183],[16.8976527,48.7775436],[16.9009207,48.7789807],[16.9021721,48.7794326],[16.9032038,48.7797568],[16.9033439,48.7796689],[16.9034752,48.7796666],[16.9035785,48.7797069],[16.9036381,48.7797823],[16.9036219,48.7798727],[16.9034407,48.7799593],[16.9034688,48.780367],[16.904547,48.7821913],[16.904565,48.7825102],[16.9044217,48.7833587],[16.9042967,48.7835631],[16.9040827,48.7837673],[16.9012481,48.7858677],[16.9007687,48.7863276],[16.899229,48.7883023],[16.8987529,48.7892273],[16.8980505,48.7909704],[16.8977872,48.7920761],[16.8977144,48.7931945],[16.8975634,48.7934918],[16.8964865,48.7946713],[16.8953947,48.7955173],[16.8949713,48.7959822],[16.8914194,48.8012488],[16.89007,48.8031372],[16.8894372,48.8039153],[16.8865492,48.8066982],[16.8849283,48.8081951],[16.8827627,48.8107203],[16.8822047,48.8115437],[16.8819596,48.8117814],[16.881166,48.8122035],[16.8810132,48.8120785],[16.879953,48.8111388],[16.8792129,48.810381],[16.8757942,48.8066451],[16.8755747,48.8065361],[16.8753021,48.8064485],[16.8721041,48.8055262],[16.872140857639067,48.80546811763803]]}},{"type":"Feature","properties":{"patternId":"574-0-2","lineId":"574","lineName":"574","mode":"bus","color":"#7FFFAA","source":"osm","stopDistances":[0,1564.2330766535738,2171.970512368213,3371.595377288941,4531.12955449553,8196.100368853984,8750.533923304625,9762.629849955612,12097.132336396155,14423.676841268085,14888.208988642158,15797.382329894946]},"geometry":{"type":"LineString","coordinates":[[16.893654,48.7551114],[16.8937553,48.755218],[16.8935811,48.7553418],[16.8938826,48.7556588],[16.8938877,48.7557135],[16.8936489,48.7559367],[16.8934031,48.7560754],[16.8934279,48.7561561],[16.8933691,48.7562287],[16.8932622,48.7562595],[16.8931128,48.7562227],[16.893062,48.7561278],[16.893134,48.7560418],[16.8927859,48.7556627],[16.8915565,48.7541262],[16.8912014,48.75361],[16.8911019,48.7535401],[16.8909511,48.7535813],[16.8908503,48.7535499],[16.8907084,48.7537237],[16.8904852,48.7541545],[16.8898559,48.755565],[16.8896804,48.7557935],[16.8878175,48.7566687],[16.8870132,48.7571429],[16.8862393,48.7576801],[16.8860218,48.757742],[16.8844781,48.7579266],[16.8841096,48.7580233],[16.8836359,48.7582134],[16.882059,48.7590665],[16.8809942,48.7599689],[16.880716,48.7601639],[16.8810162,48.7605007],[16.8821965,48.7613137],[16.882922,48.7624131],[16.883239,48.7626809],[16.8835587,48.7628178],[16.8878401,48.7640787],[16.8881134,48.7642055],[16.888351,48.7644333],[16.8903826,48.7688535],[16.8909638,48.7702356],[16.8913573,48.7717805],[16.8914312,48.77221],[16.8914183,48.7725405],[16.8912147,48.7733026],[16.8912103,48.773509],[16.8913139,48.7737935],[16.8914804,48.7739921],[16.8938384,48.775702],[16.8941518,48.775921],[16.8945193,48.7761183],[16.8976527,48.7775436],[16.9009207,48.7789807],[16.9021721,48.7794326],[16.9032038,48.7797568],[16.9033439,48.7796689],[16.9034752,48.7796666],[16.9035785,48.7797069],[16.9036381,48.7797823],[16.9036219,48.7798727],[16.9034407,48.7799593],[16.9034688,48.780367],[16.904547,48.7821913],[16.904565,48.7825102],[16.9043993,48.7834093],[16.9042268,48.7836431],[16.9040827,48.7837673],[16.9012481,48.7858677],[16.9007687,48.7863276],[16.899229,48.7883023],[16.8987529,48.7892273],[16.8980505,48.7909704],[16.8977872,48.7920761],[16.8977144,48.7931945],[16.8975634,48.7934918],[16.8964865,48.7946713],[16.8953947,48.7955173],[16.8949713,48.7959822],[16.8914194,48.8012488],[16.89007,48.8031372],[16.8894372,48.8039153],[16.8865492,48.8066982],[16.8849283,48.8081951],[16.8827627,48.8107203],[16.8822047,48.8115437],[16.8819596,48.8117814],[16.881166,48.8122035],[16.8810132,48.8120785],[16.879953,48.8111388],[16.8792129,48.810381],[16.8757942,48.8066451],[16.8755747,48.8065361],[16.8753021,48.8064485],[16.8721041,48.8055262],[16.8729704,48.8042645],[16.8750898,48.805109],[16.8765911,48.805462],[16.8755747,48.8065361],[16.8757942,48.8066451],[16.8792129,48.810381],[16.879953,48.8111388],[16.881166,48.8122035],[16.881477,48.812428],[16.8818865,48.8126518],[16.881955,48.8127694],[16.8819454,48.8128577],[16.8816736,48.8131613],[16.8817084,48.8132593],[16.8818398,48.8133397],[16.8808383,48.8141632],[16.8769472,48.8171612],[16.875817,48.8181298],[16.8666866,48.8264936],[16.8653231,48.82765],[16.8652643,48.8279743],[16.8655604,48.82825],[16.8656319,48.8283905],[16.8656088,48.8285373],[16.8655121,48.8286582],[16.8643262,48.8294307],[16.8642618,48.8295429],[16.8641279,48.8296399],[16.8627491,48.8287396],[16.8626219,48.828682],[16.8623939,48.8286438],[16.8621564,48.8286754],[16.8614057,48.8289994],[16.8606759,48.8292316],[16.8601131,48.8293597],[16.8595216,48.8294248],[16.8581787,48.8293795],[16.8549775,48.8291469],[16.851259,48.8292375],[16.8475338,48.8291166],[16.8476373,48.8294457],[16.847885,48.8298823],[16.8480412,48.8300751],[16.8501036,48.8323907],[16.8512956,48.8336695],[16.8534736,48.8370119]]}},{"type":"Feature","properties":{"patternId":"574-0-3","lineId":"574","lineName":"574","mode":"bus","color":"#7FFFAA","source":"routed","stopDistances":[0,1868.9612085864483,3533.3768250000644,4141.130639161358,5340.786677706132,6500.3246213662,10300.936786036007,11205.765741190331,12223.520971463218]},"geometry":{"type":"LineString","coordinates":[[16.893288,48.754553],[16.893807,48.755094],[16.893788,48.755189],[16.893581,48.755342],[16.893883,48.755659],[16.893888,48.755714],[16.893649,48.755937],[16.893403,48.756075],[16.893428,48.756156],[16.893369,48.756229],[16.893262,48.75626],[16.893156,48.756245],[16.893065,48.756161],[16.893074,48.756095],[16.893134,48.756042],[16.892786,48.755663],[16.891557,48.754126],[16.891201,48.75361],[16.891102,48.75354],[16.891008,48.753579],[16.89085,48.75355],[16.890708,48.753724],[16.890485,48.754155],[16.889856,48.755565],[16.88968,48.755794],[16.887818,48.756669],[16.887013,48.757143],[16.886239,48.75768],[16.886022,48.757742],[16.88487,48.757866],[16.884975,48.757435],[16.88497,48.75726],[16.884539,48.756382],[16.884188,48.755487],[16.883842,48.753682],[16.883846,48.752854],[16.883944,48.752327],[16.884101,48.751791],[16.883302,48.751603],[16.882541,48.75312],[16.881359,48.753156],[16.880969,48.753225],[16.880102,48.754073],[16.879942,48.754183],[16.87946,48.754357],[16.878908,48.754479],[16.878305,48.754655],[16.877923,48.754833],[16.875305,48.756267],[16.875264,48.756438],[16.877477,48.757664],[16.879739,48.758998],[16.88043,48.759175],[16.881031,48.759246],[16.881402,48.759248],[16.881565,48.759304],[16.881619,48.759417],[16.880994,48.759969],[16.880716,48.760164],[16.881016,48.760501],[16.882197,48.761314],[16.882922,48.762413],[16.883239,48.762681],[16.883559,48.762818],[16.887759,48.764051],[16.88806,48.764175],[16.88825,48.764316],[16.88846,48.764616],[16.890383,48.768854],[16.890964,48.770236],[16.891431,48.77221],[16.891418,48.772541],[16.891206,48.773405],[16.891228,48.773612],[16.891376,48.77388],[16.891548,48.774051],[16.893838,48.775702],[16.894152,48.775921],[16.894519,48.776118],[16.897653,48.777544],[16.900921,48.778981],[16.902172,48.779433],[16.903204,48.779757],[16.903344,48.779669],[16.903475,48.779667],[16.903579,48.779707],[16.903638,48.779782],[16.903622,48.779873],[16.903441,48.779959],[16.903469,48.780367],[16.904547,48.782191],[16.904565,48.78251],[16.904422,48.783359],[16.904297,48.783563],[16.904083,48.783767],[16.900991,48.786084],[16.899229,48.788302],[16.898753,48.789227],[16.898051,48.79097],[16.897787,48.792076],[16.897726,48.793115],[16.897622,48.793413],[16.896487,48.794671],[16.896133,48.794973],[16.895395,48.795517],[16.894971,48.795982],[16.891419,48.801249],[16.89007,48.803137],[16.889437,48.803915],[16.886549,48.806698],[16.884928,48.808195],[16.885734,48.808517],[16.884928,48.808195],[16.882763,48.81072],[16.882125,48.811643],[16.88196,48.811781],[16.881166,48.812204],[16.880203,48.811352],[16.880155,48.811397],[16.880984,48.812278],[16.881017,48.812448],[16.880798,48.812742],[16.881017,48.812448],[16.880984,48.812278],[16.880161,48.811433],[16.880203,48.811352],[16.879213,48.810381],[16.875794,48.806645],[16.875575,48.806536],[16.875302,48.806449],[16.872104,48.805526],[16.872141,48.805468]]}},{"type":"Feature","properties":{"patternId":"574-0-4","lineId":"574","lineName":"574","mode":"bus","color":"#7FFFAA","source":"routed","stopDistances":[0,1200.4500649148404,2836.5153365059673,3444.2624315961057,4643.778364112758,5803.321078738809,9603.933243408617,10508.762198562941,11526.517428835828]},"geometry":{"type":"LineString","coordinates":[[16.894577,48.751347],[16.893273,48.751801],[16.892828,48.751845],[16.892673,48.75183],[16.892342,48.751745],[16.892243,48.751693],[16.891494,48.751004],[16.890411,48.751441],[16.89015,48.751614],[16.890083,48.751726],[16.890245,48.751988],[16.890907,48.752639],[16.890996,48.752783],[16.891039,48.75306],[16.890996,48.753359],[16.891133,48.75344],[16.891102,48.75354],[16.891201,48.75361],[16.891557,48.754126],[16.893054,48.75597],[16.893134,48.756042],[16.893249,48.756017],[16.893403,48.756075],[16.893649,48.755937],[16.893888,48.755714],[16.893883,48.755659],[16.892982,48.75473],[16.892957,48.754681],[16.892992,48.754612],[16.893197,48.754528],[16.893308,48.754564],[16.893807,48.755094],[16.893788,48.755189],[16.893581,48.755342],[16.893883,48.755659],[16.893888,48.755714],[16.893649,48.755937],[16.893403,48.756075],[16.893428,48.756156],[16.893369,48.756229],[16.893208,48.756257],[16.893081,48.756193],[16.893062,48.756128],[16.893134,48.756042],[16.892786,48.755663],[16.891557,48.754126],[16.891201,48.75361],[16.891102,48.75354],[16.891008,48.753579],[16.89085,48.75355],[16.890708,48.753724],[16.890485,48.754155],[16.889856,48.755565],[16.88968,48.755794],[16.887818,48.756669],[16.887013,48.757143],[16.886239,48.75768],[16.886022,48.757742],[16.884478,48.757927],[16.88411,48.758023],[16.883636,48.758213],[16.882059,48.759067],[16.880994,48.759969],[16.880716,48.760164],[16.881016,48.760501],[16.882197,48.761314],[16.882922,48.762413],[16.883239,48.762681],[16.883559,48.762818],[16.887759,48.764051],[16.888113,48.764206],[16.888351,48.764433],[16.890383,48.768854],[16.890964,48.770236],[16.891431,48.77221],[16.891418,48.772541],[16.891215,48.773303],[16.89121,48.773509],[16.891314,48.773794],[16.89148,48.773992],[16.893838,48.775702],[16.894152,48.775921],[16.894519,48.776118],[16.897653,48.777544],[16.900921,48.778981],[16.902172,48.779433],[16.903204,48.779757],[16.903344,48.779669],[16.903475,48.779667],[16.903579,48.779707],[16.903638,48.779782],[16.903622,48.779873],[16.903441,48.779959],[16.903469,48.780367],[16.904547,48.782191],[16.904565,48.78251],[16.904422,48.783359],[16.904297,48.783563],[16.904083,48.783767],[16.900991,48.786084],[16.899229,48.788302],[16.898753,48.789227],[16.898051,48.79097],[16.897787,48.792076],[16.897726,48.793115],[16.897622,48.793413],[16.896487,48.794671],[16.896133,48.794973],[16.895395,48.795517],[16.894971,48.795982],[16.891419,48.801249],[16.89007,48.803137],[16.889437,48.803915],[16.886549,48.806698],[16.884928,48.808195],[16.885734,48.808517],[16.884928,48.808195],[16.882763,48.81072],[16.882125,48.811643],[16.88196,48.811781],[16.881166,48.812204],[16.880203,48.811352],[16.880155,48.811397],[16.880984,48.812278],[16.881017,48.812448],[16.880798,48.812742],[16.881017,48.812448],[16.880984,48.812278],[16.880161,48.811433],[16.880203,48.811352],[16.879213,48.810381],[16.875794,48.806645],[16.875575,48.806536],[16.875302,48.806449],[16.872104,48.805526],[16.872141,48.805468]]}},{"type":"Feature","properties":{"patternId":"574-0-5","lineId":"574","lineName":"574","mode":"bus","color":"#7FFFAA","source":"routed","stopDistances":[0,1200.4500649148404,2836.5153365059673,3444.2624315961057,4643.778364112758,5803.321078738809,9603.884901038753,10508.713856193077,11827.306017305473,13860.380441215295,16186.967466434013,16651.443404600355,17591.26605200927]},"geometry":{"type":"LineString","coordinates":[[16.894577,48.751347],[16.893273,48.751801],[16.892828,48.751845],[16.892673,48.75183],[16.892342,48.751745],[16.892243,48.751693],[16.891494,48.751004],[16.890411,48.751441],[16.89015,48.751614],[16.890083,48.751726],[16.890245,48.751988],[16.890907,48.752639],[16.890996,48.752783],[16.891039,48.75306],[16.890996,48.753359],[16.891133,48.75344],[16.891102,48.75354],[16.891201,48.75361],[16.891557,48.754126],[16.893054,48.75597],[16.893134,48.756042],[16.893249,48.756017],[16.893403,48.756075],[16.893649,48.755937],[16.893888,48.755714],[16.893883,48.755659],[16.892982,48.75473],[16.892957,48.754681],[16.892992,48.754612],[16.893197,48.754528],[16.893308,48.754564],[16.893807,48.755094],[16.893788,48.755189],[16.893581,48.755342],[16.893883,48.755659],[16.893888,48.755714],[16.893649,48.755937],[16.893403,48.756075],[16.893428,48.756156],[16.893369,48.756229],[16.893208,48.756257],[16.893081,48.756193],[16.893062,48.756128],[16.893134,48.756042],[16.892786,48.755663],[16.891557,48.754126],[16.891201,48.75361],[16.891102,48.75354],[16.891008,48.753579],[16.89085,48.75355],[16.890708,48.753724],[16.890485,48.754155],[16.889856,48.755565],[16.88968,48.755794],[16.887818,48.756669],[16.887013,48.757143],[16.886239,48.75768],[16.886022,48.757742],[16.884478,48.757927],[16.88411,48.758023],[16.883636,48.758213],[16.882059,48.759067],[16.880994,48.759969],[16.880716,48.760164],[16.881016,48.760501],[16.882197,48.761314],[16.882922,48.762413],[16.883239,48.762681],[16.883559,48.762818],[16.887759,48.764051],[16.888113,48.764206],[16.888351,48.764433],[16.890383,48.768854],[16.890964,48.770236],[16.891431,48.77221],[16.891418,48.772541],[16.891215,48.773303],[16.89121,48.773509],[16.891314,48.773794],[16.89148,48.773992],[16.893838,48.775702],[16.894152,48.775921],[16.894519,48.776118],[16.897653,48.777544],[16.900921,48.778981],[16.902172,48.779433],[16.903204,48.779757],[16.903344,48.779669],[16.903475,48.779667],[16.903579,48.779707],[16.903638,48.779782],[16.903622,48.779873],[16.903441,48.779959],[16.903469,48.780367],[16.904547,48.782191],[16.904565,48.78251],[16.904399,48.783409],[16.904227,48.783643],[16.904083,48.783767],[16.900991,48.786084],[16.899229,48.788302],[16.898753,48.789227],[16.898051,48.79097],[16.897787,48.792076],[16.897726,48.793115],[16.897622,48.793413],[16.896487,48.794671],[16.896133,48.794973],[16.895395,48.795517],[16.894971,48.795982],[16.891419,48.801249],[16.89007,48.803137],[16.889437,48.803915],[16.886549,48.806698],[16.884928,48.808195],[16.885734,48.808517],[16.884928,48.808195],[16.882763,48.81072],[16.882125,48.811643],[16.88196,48.811781],[16.881166,48.812204],[16.880203,48.811352],[16.880155,48.811397],[16.880984,48.812278],[16.881017,48.812448],[16.880798,48.812742],[16.881017,48.812448],[16.880984,48.812278],[16.880161,48.811433],[16.880203,48.811352],[16.879213,48.810381],[16.875794,48.806645],[16.875575,48.806536],[16.876591,48.805462],[16.87509,48.805109],[16.87297,48.804265],[16.872104,48.805526],[16.875302,48.806449],[16.875575,48.806536],[16.875794,48.806645],[16.879213,48.810381],[16.879953,48.811139],[16.881166,48.812204],[16.88192,48.812688],[16.881945,48.812858],[16.881674,48.813161],[16.881708,48.813259],[16.88184,48.81334],[16.880838,48.814163],[16.876947,48.817161],[16.875817,48.81813],[16.866687,48.826494],[16.865323,48.82765],[16.865264,48.827974],[16.86556,48.82825],[16.865632,48.828391],[16.865609,48.828537],[16.865512,48.828658],[16.864326,48.829431],[16.864262,48.829543],[16.864128,48.82964],[16.862749,48.82874],[16.862622,48.828682],[16.862394,48.828644],[16.862156,48.828675],[16.861406,48.828999],[16.860676,48.829232],[16.860113,48.82936],[16.859522,48.829425],[16.858179,48.82938],[16.854978,48.829147],[16.851259,48.829238],[16.847534,48.829117],[16.847637,48.829446],[16.847885,48.829882],[16.848041,48.830075],[16.850104,48.832391],[16.851296,48.83367],[16.853592,48.837192],[16.853662,48.837127]]}},{"type":"Feature","properties":{"patternId":"574-1-1","lineId":"574","lineName":"574","mode":"bus","color":"#7FFFAA","source":"routed","stopDistances":[0,1175.3262631304583,2057.7969083374705,5687.903494311692,6847.446208937743,8046.962141454395,8654.709236544535,10303.102968334477]},"geometry":{"type":"LineString","coordinates":[[16.872141,48.805468],[16.872104,48.805526],[16.875302,48.806449],[16.875575,48.806536],[16.875794,48.806645],[16.879213,48.810381],[16.880203,48.811352],[16.880161,48.811433],[16.880984,48.812278],[16.881017,48.812448],[16.880798,48.812742],[16.881017,48.812448],[16.880984,48.812278],[16.880155,48.811397],[16.880203,48.811352],[16.881166,48.812204],[16.88196,48.811781],[16.882125,48.811643],[16.882763,48.81072],[16.884928,48.808195],[16.885734,48.808517],[16.884928,48.808195],[16.886549,48.806698],[16.889437,48.803915],[16.89007,48.803137],[16.891419,48.801249],[16.894971,48.795982],[16.895395,48.795517],[16.896133,48.794973],[16.896487,48.794671],[16.897622,48.793413],[16.897726,48.793115],[16.897787,48.792076],[16.898051,48.79097],[16.898753,48.789227],[16.899229,48.788302],[16.900991,48.786084],[16.904083,48.783767],[16.904297,48.783563],[16.904422,48.783359],[16.904565,48.78251],[16.904547,48.782191],[16.903486,48.780408],[16.903441,48.779959],[16.903298,48.779939],[16.903222,48.779889],[16.903204,48.779757],[16.902172,48.779433],[16.900921,48.778981],[16.897653,48.777544],[16.894519,48.776118],[16.894152,48.775921],[16.893838,48.775702],[16.89148,48.773992],[16.891314,48.773794],[16.89121,48.773509],[16.891215,48.773303],[16.891418,48.772541],[16.891431,48.77221],[16.890964,48.770236],[16.890383,48.768854],[16.888351,48.764433],[16.888113,48.764206],[16.887759,48.764051],[16.883559,48.762818],[16.883239,48.762681],[16.882922,48.762413],[16.882197,48.761314],[16.881016,48.760501],[16.880716,48.760164],[16.880994,48.759969],[16.882059,48.759067],[16.883636,48.758213],[16.88411,48.758023],[16.884478,48.757927],[16.886022,48.757742],[16.886239,48.75768],[16.887013,48.757143],[16.887818,48.756669],[16.88968,48.755794],[16.889856,48.755565],[16.890485,48.754155],[16.890708,48.753724],[16.89085,48.75355],[16.890799,48.75347],[16.890859,48.753385],[16.890996,48.753359],[16.891114,48.753411],[16.891139,48.753475],[16.891102,48.75354],[16.891201,48.75361],[16.891557,48.754126],[16.892786,48.755663],[16.893134,48.756042],[16.893249,48.756017],[16.893403,48.756075],[16.893484,48.756042],[16.893649,48.755937],[16.893888,48.755714],[16.893883,48.755659],[16.892982,48.75473],[16.892964,48.754649],[16.893035,48.754581],[16.893197,48.754528],[16.893288,48.754553]]}},{"type":"Feature","properties":{"patternId":"574-1-2","lineId":"574","lineName":"574","mode":"bus","color":"#7FFFAA","source":"routed","stopDistances":[0,1175.3262631304583,2057.7969083374705,5687.903494311692,6847.446208937743,8046.962141454395,8654.709236544535,10302.354635996064,11414.126209799128,12293.07418336536,12803.0995375414]},"geometry":{"type":"LineString","coordinates":[[16.872141,48.805468],[16.872104,48.805526],[16.875302,48.806449],[16.875575,48.806536],[16.875794,48.806645],[16.879213,48.810381],[16.880203,48.811352],[16.880161,48.811433],[16.880984,48.812278],[16.881017,48.812448],[16.880798,48.812742],[16.881017,48.812448],[16.880984,48.812278],[16.880155,48.811397],[16.880203,48.811352],[16.881166,48.812204],[16.88196,48.811781],[16.882125,48.811643],[16.882763,48.81072],[16.884928,48.808195],[16.885734,48.808517],[16.884928,48.808195],[16.886549,48.806698],[16.889437,48.803915],[16.89007,48.803137],[16.891419,48.801249],[16.894971,48.795982],[16.895395,48.795517],[16.896133,48.794973],[16.896487,48.794671],[16.897622,48.793413],[16.897726,48.793115],[16.897787,48.792076],[16.898051,48.79097],[16.898753,48.789227],[16.899229,48.788302],[16.900991,48.786084],[16.904083,48.783767],[16.904297,48.783563],[16.904422,48.783359],[16.904565,48.78251],[16.904547,48.782191],[16.903486,48.780408],[16.903441,48.779959],[16.903298,48.779939],[16.903222,48.779889],[16.903204,48.779757],[16.902172,48.779433],[16.900921,48.778981],[16.897653,48.777544],[16.894519,48.776118],[16.894152,48.775921],[16.893838,48.775702],[16.89148,48.773992],[16.891314,48.773794],[16.89121,48.773509],[16.891215,48.773303],[16.891418,48.772541],[16.891431,48.77221],[16.890964,48.770236],[16.890383,48.768854],[16.888351,48.764433],[16.888113,48.764206],[16.887759,48.764051],[16.883559,48.762818],[16.883239,48.762681],[16.882922,48.762413],[16.882197,48.761314],[16.881016,48.760501],[16.880716,48.760164],[16.880994,48.759969],[16.882059,48.759067],[16.883636,48.758213],[16.88411,48.758023],[16.884478,48.757927],[16.886022,48.757742],[16.886239,48.75768],[16.887013,48.757143],[16.887818,48.756669],[16.88968,48.755794],[16.889856,48.755565],[16.890485,48.754155],[16.890708,48.753724],[16.89085,48.75355],[16.890807,48.753438],[16.890901,48.753368],[16.890996,48.753359],[16.891114,48.753411],[16.891139,48.753475],[16.891102,48.75354],[16.891201,48.75361],[16.891557,48.754126],[16.892786,48.755663],[16.893134,48.756042],[16.893249,48.756017],[16.893403,48.756075],[16.893484,48.756042],[16.893752,48.755853],[16.893888,48.755714],[16.893883,48.755659],[16.892982,48.75473],[16.892964,48.754649],[16.893124,48.754544],[16.893259,48.754536],[16.893807,48.755094],[16.893788,48.755189],[16.893581,48.755342],[16.893883,48.755659],[16.893888,48.755714],[16.893649,48.755937],[16.893403,48.756075],[16.893428,48.756156],[16.893369,48.756229],[16.893208,48.756257],[16.893081,48.756193],[16.893062,48.756128],[16.893134,48.756042],[16.892786,48.755663],[16.891557,48.754126],[16.891201,48.75361],[16.891102,48.75354],[16.890951,48.753581],[16.890823,48.753527],[16.890827,48.753409],[16.890996,48.753359],[16.891025,48.753237],[16.890996,48.752783],[16.890907,48.752639],[16.890245,48.751988],[16.890098,48.751786],[16.890083,48.751726],[16.89015,48.751614],[16.890553,48.751378],[16.893382,48.750227],[16.894353,48.749892],[16.894917,48.749758],[16.895406,48.749661],[16.896528,48.749563],[16.90108,48.749455],[16.901066,48.749059],[16.902232,48.749023],[16.901066,48.749059],[16.90108,48.749455],[16.899532,48.749492],[16.899221,48.749695],[16.898048,48.75018],[16.894577,48.751347]]}},{"type":"Feature","properties":{"patternId":"574-1-3","lineId":"574","lineName":"574","mode":"bus","color":"#7FFFAA","source":"routed","stopDistances":[0,1175.3262631304583,2057.7969083374705,5687.903494311692,6847.446208937743,8046.962141454395,8654.709236544535,9559.357520863461,11872.728418712506]},"geometry":{"type":"LineString","coordinates":[[16.872141,48.805468],[16.872104,48.805526],[16.875302,48.806449],[16.875575,48.806536],[16.875794,48.806645],[16.879213,48.810381],[16.880203,48.811352],[16.880161,48.811433],[16.880984,48.812278],[16.881017,48.812448],[16.880798,48.812742],[16.881017,48.812448],[16.880984,48.812278],[16.880155,48.811397],[16.880203,48.811352],[16.881166,48.812204],[16.88196,48.811781],[16.882125,48.811643],[16.882763,48.81072],[16.884928,48.808195],[16.885734,48.808517],[16.884928,48.808195],[16.886549,48.806698],[16.889437,48.803915],[16.89007,48.803137],[16.891419,48.801249],[16.894971,48.795982],[16.895395,48.795517],[16.896133,48.794973],[16.896487,48.794671],[16.897622,48.793413],[16.897726,48.793115],[16.897787,48.792076],[16.898051,48.79097],[16.898753,48.789227],[16.899229,48.788302],[16.900991,48.786084],[16.904083,48.783767],[16.904297,48.783563],[16.904422,48.783359],[16.904565,48.78251],[16.904547,48.782191],[16.903486,48.780408],[16.903441,48.779959],[16.903298,48.779939],[16.903222,48.779889],[16.903204,48.779757],[16.902172,48.779433],[16.900921,48.778981],[16.897653,48.777544],[16.894519,48.776118],[16.894152,48.775921],[16.893838,48.775702],[16.89148,48.773992],[16.891314,48.773794],[16.89121,48.773509],[16.891215,48.773303],[16.891418,48.772541],[16.891431,48.77221],[16.890964,48.770236],[16.890383,48.768854],[16.888351,48.764433],[16.888113,48.764206],[16.887759,48.764051],[16.883559,48.762818],[16.883239,48.762681],[16.882922,48.762413],[16.882197,48.761314],[16.881016,48.760501],[16.880716,48.760164],[16.880994,48.759969],[16.882059,48.759067],[16.883753,48.758158],[16.884286,48.757971],[16.88487,48.757866],[16.884975,48.757435],[16.88497,48.75726],[16.884539,48.756382],[16.884188,48.755487],[16.883842,48.753682],[16.883846,48.752854],[16.883944,48.752327],[16.884101,48.751791],[16.883302,48.751603],[16.882541,48.75312],[16.882514,48.753742],[16.883842,48.753682],[16.884188,48.755487],[16.884539,48.756382],[16.88497,48.75726],[16.884975,48.757435],[16.88487,48.757866],[16.886022,48.757742],[16.886239,48.75768],[16.887013,48.757143],[16.887818,48.756669],[16.88968,48.755794],[16.889856,48.755565],[16.890485,48.754155],[16.890708,48.753724],[16.89085,48.75355],[16.890807,48.753438],[16.890901,48.753368],[16.890996,48.753359],[16.891114,48.753411],[16.891139,48.753475],[16.891102,48.75354],[16.891201,48.75361],[16.891557,48.754126],[16.892786,48.755663],[16.893134,48.756042],[16.893249,48.756017],[16.893403,48.756075],[16.893484,48.756042],[16.893649,48.755937],[16.893888,48.755714],[16.893883,48.755659],[16.892982,48.75473],[16.892964,48.754649],[16.893035,48.754581],[16.893197,48.754528],[16.893288,48.754553]]}},{"type":"Feature","properties":{"patternId":"574-1-4","lineId":"574","lineName":"574","mode":"bus","color":"#7FFFAA","source":"routed","stopDistances":[0,939.8226473466733,1404.298585513018,3743.538162840313,6077.940068868975,7253.293980445824,8135.764625652837,11765.822869257196,12925.365583883244,14124.881516399893,14732.628611490034,16381.022343279976]},"geometry":{"type":"LineString","coordinates":[[16.853662,48.837127],[16.853592,48.837192],[16.851296,48.83367],[16.850104,48.832391],[16.848041,48.830075],[16.847885,48.829882],[16.847637,48.829446],[16.847534,48.829117],[16.851259,48.829238],[16.854978,48.829147],[16.858179,48.82938],[16.859522,48.829425],[16.860113,48.82936],[16.860676,48.829232],[16.861406,48.828999],[16.862156,48.828675],[16.862394,48.828644],[16.862622,48.828682],[16.862749,48.82874],[16.863989,48.82955],[16.864136,48.829466],[16.864326,48.829431],[16.865512,48.828658],[16.865634,48.828441],[16.86556,48.82825],[16.865448,48.82816],[16.864949,48.827981],[16.866687,48.826494],[16.875817,48.81813],[16.876947,48.817161],[16.880838,48.814163],[16.88184,48.81334],[16.881708,48.813259],[16.881674,48.813161],[16.881945,48.812858],[16.881955,48.812769],[16.881887,48.812652],[16.881477,48.812428],[16.881166,48.812204],[16.879953,48.811139],[16.879213,48.810381],[16.875794,48.806645],[16.875575,48.806536],[16.876591,48.805462],[16.87509,48.805109],[16.87297,48.804265],[16.872104,48.805526],[16.875302,48.806449],[16.875575,48.806536],[16.875794,48.806645],[16.879213,48.810381],[16.880203,48.811352],[16.880161,48.811433],[16.880984,48.812278],[16.881017,48.812448],[16.880798,48.812742],[16.881017,48.812448],[16.880984,48.812278],[16.880155,48.811397],[16.880203,48.811352],[16.881166,48.812204],[16.88196,48.811781],[16.882125,48.811643],[16.882763,48.81072],[16.884928,48.808195],[16.885734,48.808517],[16.884928,48.808195],[16.886549,48.806698],[16.889437,48.803915],[16.89007,48.803137],[16.891419,48.801249],[16.894971,48.795982],[16.895395,48.795517],[16.896133,48.794973],[16.896487,48.794671],[16.897622,48.793413],[16.897726,48.793115],[16.897787,48.792076],[16.898051,48.79097],[16.898753,48.789227],[16.899229,48.788302],[16.900991,48.786084],[16.904083,48.783767],[16.904227,48.783643],[16.904399,48.783409],[16.904565,48.78251],[16.904547,48.782191],[16.903486,48.780408],[16.903441,48.779959],[16.903298,48.779939],[16.903222,48.779889],[16.903204,48.779757],[16.902172,48.779433],[16.900921,48.778981],[16.897653,48.777544],[16.894519,48.776118],[16.894152,48.775921],[16.893838,48.775702],[16.89148,48.773992],[16.891314,48.773794],[16.89121,48.773509],[16.891215,48.773303],[16.891418,48.772541],[16.891431,48.77221],[16.890964,48.770236],[16.890383,48.768854],[16.888351,48.764433],[16.888113,48.764206],[16.887759,48.764051],[16.883559,48.762818],[16.883239,48.762681],[16.882922,48.762413],[16.882197,48.761314],[16.881016,48.760501],[16.880716,48.760164],[16.880994,48.759969],[16.882059,48.759067],[16.883636,48.758213],[16.88411,48.758023],[16.884478,48.757927],[16.886022,48.757742],[16.886239,48.75768],[16.887013,48.757143],[16.887818,48.756669],[16.88968,48.755794],[16.889856,48.755565],[16.890485,48.754155],[16.890708,48.753724],[16.89085,48.75355],[16.890799,48.75347],[16.890859,48.753385],[16.890996,48.753359],[16.891114,48.753411],[16.891139,48.753475],[16.891102,48.75354],[16.891201,48.75361],[16.891557,48.754126],[16.892786,48.755663],[16.893134,48.756042],[16.893249,48.756017],[16.893403,48.756075],[16.893484,48.756042],[16.893649,48.755937],[16.893888,48.755714],[16.893883,48.755659],[16.892982,48.75473],[16.892964,48.754649],[16.893035,48.754581],[16.893197,48.754528],[16.893288,48.754553]]}},{"type":"Feature","properties":{"patternId":"574-1-5","lineId":"574","lineName":"574","mode":"bus","color":"#7FFFAA","source":"routed","stopDistances":[0,939.8226473466733,1404.298585513018,3743.538162840313,6077.940068868975,7253.293980445824,8135.764625652837,11765.822869257196,12925.365583883244,14124.881516399893,14732.628611490034,16380.274010941563,17492.04558474463,18370.993558310853,18881.018912486896]},"geometry":{"type":"LineString","coordinates":[[16.853662,48.837127],[16.853592,48.837192],[16.851296,48.83367],[16.850104,48.832391],[16.848041,48.830075],[16.847885,48.829882],[16.847637,48.829446],[16.847534,48.829117],[16.851259,48.829238],[16.854978,48.829147],[16.858179,48.82938],[16.859522,48.829425],[16.860113,48.82936],[16.860676,48.829232],[16.861406,48.828999],[16.862156,48.828675],[16.862394,48.828644],[16.862622,48.828682],[16.862749,48.82874],[16.863989,48.82955],[16.864136,48.829466],[16.864326,48.829431],[16.865512,48.828658],[16.865634,48.828441],[16.86556,48.82825],[16.865448,48.82816],[16.864949,48.827981],[16.866687,48.826494],[16.875817,48.81813],[16.876947,48.817161],[16.880838,48.814163],[16.88184,48.81334],[16.881708,48.813259],[16.881674,48.813161],[16.881945,48.812858],[16.881955,48.812769],[16.881887,48.812652],[16.881477,48.812428],[16.881166,48.812204],[16.879953,48.811139],[16.879213,48.810381],[16.875794,48.806645],[16.875575,48.806536],[16.876591,48.805462],[16.87509,48.805109],[16.87297,48.804265],[16.872104,48.805526],[16.875302,48.806449],[16.875575,48.806536],[16.875794,48.806645],[16.879213,48.810381],[16.880203,48.811352],[16.880161,48.811433],[16.880984,48.812278],[16.881017,48.812448],[16.880798,48.812742],[16.881017,48.812448],[16.880984,48.812278],[16.880155,48.811397],[16.880203,48.811352],[16.881166,48.812204],[16.88196,48.811781],[16.882125,48.811643],[16.882763,48.81072],[16.884928,48.808195],[16.885734,48.808517],[16.884928,48.808195],[16.886549,48.806698],[16.889437,48.803915],[16.89007,48.803137],[16.891419,48.801249],[16.894971,48.795982],[16.895395,48.795517],[16.896133,48.794973],[16.896487,48.794671],[16.897622,48.793413],[16.897726,48.793115],[16.897787,48.792076],[16.898051,48.79097],[16.898753,48.789227],[16.899229,48.788302],[16.900991,48.786084],[16.904083,48.783767],[16.904227,48.783643],[16.904399,48.783409],[16.904565,48.78251],[16.904547,48.782191],[16.903486,48.780408],[16.903441,48.779959],[16.903298,48.779939],[16.903222,48.779889],[16.903204,48.779757],[16.902172,48.779433],[16.900921,48.778981],[16.897653,48.777544],[16.894519,48.776118],[16.894152,48.775921],[16.893838,48.775702],[16.89148,48.773992],[16.891314,48.773794],[16.89121,48.773509],[16.891215,48.773303],[16.891418,48.772541],[16.891431,48.77221],[16.890964,48.770236],[16.890383,48.768854],[16.888351,48.764433],[16.888113,48.764206],[16.887759,48.764051],[16.883559,48.762818],[16.883239,48.762681],[16.882922,48.762413],[16.882197,48.761314],[16.881016,48.760501],[16.880716,48.760164],[16.880994,48.759969],[16.882059,48.759067],[16.883636,48.758213],[16.88411,48.758023],[16.884478,48.757927],[16.886022,48.757742],[16.886239,48.75768],[16.887013,48.757143],[16.887818,48.756669],[16.88968,48.755794],[16.889856,48.755565],[16.890485,48.754155],[16.890708,48.753724],[16.89085,48.75355],[16.890807,48.753438],[16.890901,48.753368],[16.890996,48.753359],[16.891114,48.753411],[16.891139,48.753475],[16.891102,48.75354],[16.891201,48.75361],[16.891557,48.754126],[16.892786,48.755663],[16.893134,48.756042],[16.893249,48.756017],[16.893403,48.756075],[16.893484,48.756042],[16.893752,48.755853],[16.893888,48.755714],[16.893883,48.755659],[16.892982,48.75473],[16.892964,48.754649],[16.893124,48.754544],[16.893259,48.754536],[16.893807,48.755094],[16.893788,48.755189],[16.893581,48.755342],[16.893883,48.755659],[16.893888,48.755714],[16.893649,48.755937],[16.893403,48.756075],[16.893428,48.756156],[16.893369,48.756229],[16.893208,48.756257],[16.893081,48.756193],[16.893062,48.756128],[16.893134,48.756042],[16.892786,48.755663],[16.891557,48.754126],[16.891201,48.75361],[16.891102,48.75354],[16.890951,48.753581],[16.890823,48.753527],[16.890827,48.753409],[16.890996,48.753359],[16.891025,48.753237],[16.890996,48.752783],[16.890907,48.752639],[16.890245,48.751988],[16.890098,48.751786],[16.890083,48.751726],[16.89015,48.751614],[16.890553,48.751378],[16.893382,48.750227],[16.894353,48.749892],[16.894917,48.749758],[16.895406,48.749661],[16.896528,48.749563],[16.90108,48.749455],[16.901066,48.749059],[16.902232,48.749023],[16.901066,48.749059],[16.90108,48.749455],[16.899532,48.749492],[16.899221,48.749695],[16.898048,48.75018],[16.894577,48.751347]]}}]}
